"GAME_ID","GAME_DATE","AWAY_TEAM_ABB","HOME_TEAM_ABB","TEAM_ID","TEAM_ABB","WINS","LOSSES","OTW","OTL","SOW","SOL","PTS","PTS_PCT","FO","FOW","FOL","FO_PCT","PP","PPG","PP_PCT","PK","PKGA","PK_PCT","SHGF","SHGA","GF","GA","SAF","SAS","SHOTS","SA","SMF","SMA","BLOCKED","BLOCKED_AG","P","PIM","PEND","PMD","F","H","HR","GWY","TWY","SOF","SOAA","SOGF","SOGAL"
134681,2024-10-08,"BOS","FLO",11,"BOS",0,1,0,0,0,0,0,0,64,31,33,48.4,4,1,25,6,0,100,1,1,4,6,53,75,28,35,16,19,21,9,8,19,6,15,1,26,21,17,8,0,0,0,0
134682,2024-10-09,"CHI","UTA",20,"CHI",0,1,0,0,0,0,0,0,60,30,30,50,3,0,0,1,0,100,0,1,2,5,67,62,26,25,18,20,12,23,3,17,4,11,1,24,20,16,5,0,0,0,0
134681,2024-10-08,"BOS","FLO",4,"FLO",1,0,0,0,0,0,2,1,64,33,31,51.6,6,0,0,4,1,75,1,1,6,4,75,53,35,28,19,16,8,21,6,15,8,19,1,21,26,8,5,0,0,0,0
134680,2024-10-08,"STL","SEA",143,"SEA",0,1,0,0,0,0,0,0,71,31,40,43.7,1,0,0,2,1,50,0,0,2,3,70,58,32,25,18,16,16,20,5,13,4,11,1,20,29,10,3,0,0,0,0
134680,2024-10-08,"STL","SEA",17,"STL",1,0,0,0,0,0,2,1,71,40,31,56.3,2,1,50,1,0,100,0,0,3,2,58,70,25,32,16,18,18,17,4,11,5,13,1,29,20,14,4,0,0,0,0
134682,2024-10-09,"CHI","UTA",30,"UTA",1,0,0,0,0,0,2,1,60,30,30,50,1,0,0,3,0,100,1,0,5,2,62,67,25,26,20,18,23,17,4,11,3,17,1,20,24,22,1,0,0,0,0
134686,2024-10-10,"CGY","VAN",23,"CGY",1,0,1,0,0,0,2,0.5,65,30,35,46.2,3,1,33.3,4,2,50,1,0,6,5,57,59,26,25,17,12,21,14,7,17,6,15,1,18,13,9,3,0,0,0,0
134687,2024-10-10,"COL","VGK",22,"COL",0,1,0,0,0,0,0,0,50,21,29,42,3,1,33.3,3,2,33.3,0,1,4,8,61,36,32,21,10,6,9,19,2,6,3,6,0,19,15,16,8,0,0,0,0
134685,2024-10-10,"WPJ","EDM",24,"EDM",0,1,0,0,0,0,0,0,49,29,20,59.2,1,0,0,3,2,33.3,0,0,0,6,76,40,30,20,17,11,8,29,3,6,1,2,0,15,9,8,7,0,0,0,0
134683,2024-10-09,"TOR","MTL",14,"MTL",1,0,0,0,0,0,2,1,36,12,24,33.3,5,1,20,4,0,100,0,0,1,0,49,102,27,48,5,28,24,17,4,8,5,10,0,20,20,14,5,0,0,0,0
134684,2024-10-09,"NYR","PIT",9,"NYR",1,0,0,0,0,0,2,1,59,31,28,52.5,2,0,0,3,0,100,1,0,6,0,70,71,41,29,18,21,20,11,4,8,3,6,0,16,23,18,4,0,0,0,0
134684,2024-10-09,"NYR","PIT",10,"PIT",0,1,0,0,0,0,0,0,59,28,31,47.5,3,0,0,2,0,100,0,1,0,6,71,70,29,41,21,18,10,21,3,6,4,8,0,23,16,19,4,0,0,0,0
134683,2024-10-09,"TOR","MTL",12,"TOR",0,1,0,0,0,0,0,0,36,24,12,66.7,4,0,0,5,1,80,0,0,0,1,102,49,48,27,28,5,16,26,5,10,4,8,0,20,20,13,4,0,0,0,0
134686,2024-10-10,"CGY","VAN",21,"VAN",0,0,0,1,0,0,1,0.5,65,35,30,53.8,4,2,50,3,1,66.7,0,1,5,6,59,57,25,26,12,17,12,22,6,15,7,17,1,13,18,15,6,0,0,0,0
134687,2024-10-10,"COL","VGK",142,"VGK",1,0,0,0,0,0,2,1,50,29,21,58,3,2,66.7,3,1,66.7,1,0,8,4,36,61,21,32,6,10,18,9,3,6,2,6,0,15,19,17,9,0,0,0,0
134685,2024-10-10,"WPJ","EDM",2,"WPJ",1,0,0,0,0,0,2,1,49,20,29,40.8,3,2,66.7,1,0,100,0,0,6,0,40,76,20,30,11,17,29,9,1,2,3,6,0,9,15,16,5,0,0,0,0
134688,2024-10-10,"MTL","BOS",11,"BOS",1,0,0,0,0,0,2,1,66,33,33,50,5,1,20,6,1,83.3,0,0,6,4,62,58,29,24,12,19,15,21,6,12,5,10,0,20,19,17,3,0,0,0,0
134689,2024-10-10,"LAK","BUF",15,"BUF",0,1,0,0,0,0,0,0,60,35,25,58.3,5,0,0,5,1,80,1,1,1,3,77,46,33,23,21,8,14,23,8,35,7,17,1,28,16,14,8,0,0,0,0
134695,2024-10-11,"CBJ","MIN",19,"CBJ",0,1,0,0,0,0,0,0,59,27,32,45.8,3,1,33.3,3,1,66.7,0,0,2,3,66,43,33,26,13,9,8,20,3,6,3,6,0,20,14,15,1,0,0,0,0
134694,2024-10-11,"DAL","NSH",27,"DAL",1,0,0,0,0,0,2,1,58,20,38,34.5,4,1,25,6,1,83.3,0,0,4,3,47,71,20,36,9,21,13,18,6,12,4,8,0,10,14,19,2,0,0,0,0
134691,2024-10-11,"PIT","DET",16,"DET",0,1,0,0,0,0,0,0,69,32,37,46.4,5,1,20,2,1,50,0,0,3,6,61,53,32,28,11,13,12,18,2,4,5,10,0,19,20,14,7,0,0,0,0
134690,2024-10-10,"FLO","OTT",4,"FLO",0,1,0,0,0,0,0,0,57,25,32,43.9,2,0,0,3,1,66.7,0,1,1,3,85,49,31,31,21,9,9,33,3,6,2,4,0,20,27,13,2,0,0,0,0
134689,2024-10-10,"LAK","BUF",28,"LAK",1,0,0,0,0,0,2,1,60,25,35,41.7,5,1,20,5,0,100,1,1,3,1,46,77,23,33,8,21,19,15,7,15,8,35,1,16,28,12,2,0,0,0,0
134695,2024-10-11,"CBJ","MIN",25,"MIN",1,0,0,0,0,0,2,1,59,32,27,54.2,3,1,33.3,3,1,66.7,0,0,3,2,43,66,26,33,9,13,18,8,3,6,3,6,0,14,20,11,2,0,0,0,0
134688,2024-10-10,"MTL","BOS",14,"MTL",0,1,0,0,0,0,0,0,66,33,33,50,6,1,16.7,5,1,80,0,0,4,6,58,62,24,29,19,12,16,15,5,10,6,12,0,19,20,17,7,0,0,0,0
134694,2024-10-11,"DAL","NSH",18,"NSH",0,1,0,0,0,0,0,0,58,38,20,65.5,6,1,16.7,4,1,75,0,0,3,4,71,47,36,20,21,9,16,14,4,8,6,12,0,14,10,22,10,0,0,0,0
134692,2024-10-10,"TOR","NJD",7,"NJD",0,1,0,0,0,0,0,0,54,28,26,51.9,5,1,20,2,0,100,0,0,2,4,75,45,24,22,20,10,11,31,2,4,5,10,0,31,11,21,2,0,0,0,0
134693,2024-10-10,"UTA","NYI",8,"NYI",0,0,0,1,0,0,1,0.5,69,33,36,47.8,6,1,16.7,2,2,0,1,0,4,5,63,58,25,26,15,12,20,23,2,4,5,12,0,20,13,11,2,0,0,0,0
134690,2024-10-10,"FLO","OTT",13,"OTT",1,0,0,0,0,0,2,1,57,32,25,56.1,3,1,33.3,2,0,100,1,0,3,1,49,85,31,31,9,21,30,9,2,4,3,6,0,27,20,14,2,0,0,0,0
134691,2024-10-11,"PIT","DET",10,"PIT",1,0,0,0,0,0,2,1,69,37,32,53.6,2,1,50,5,1,80,0,0,6,3,53,61,28,32,13,11,16,12,5,10,2,4,0,20,19,13,4,0,0,0,0
134696,2024-10-11,"STL","SJS",26,"SJS",0,0,0,1,0,0,1,0.5,60,25,35,41.7,2,1,50,2,0,100,1,0,4,5,50,78,29,40,6,14,23,15,2,4,2,4,0,19,13,19,5,0,0,0,0
134696,2024-10-11,"STL","SJS",17,"STL",1,0,1,0,0,0,2,0.5,60,35,25,58.3,2,0,0,2,1,50,0,1,5,4,78,50,40,29,14,6,15,24,2,4,2,4,0,13,19,17,5,0,0,0,0
134692,2024-10-10,"TOR","NJD",12,"TOR",1,0,0,0,0,0,2,1,54,26,28,48.1,2,0,0,5,1,80,0,0,4,2,45,75,22,24,10,20,27,13,5,10,2,4,0,11,31,18,4,0,0,0,0
134693,2024-10-10,"UTA","NYI",30,"UTA",1,0,1,0,0,0,2,0.5,69,36,33,52.2,2,2,100,6,1,83.3,0,1,5,4,58,63,26,25,12,15,20,20,5,12,2,4,0,13,20,20,11,0,0,0,0
134697,2024-10-11,"TBL","CAR",3,"CAR",0,1,0,0,0,0,0,0,66,35,31,53,4,0,0,6,2,66.7,0,2,1,4,61,44,21,23,20,8,11,20,6,12,4,8,0,17,19,17,1,0,0,0,0
134698,2024-10-12,"CHI","WPJ",20,"CHI",0,0,0,1,0,0,1,0.5,60,22,38,36.7,1,0,0,2,0,100,0,0,1,2,58,70,26,35,20,16,16,12,2,4,1,2,0,17,13,9,3,0,0,0,0
134699,2024-10-12,"PHI","VAN",6,"PHI",1,0,0,0,1,0,2,0.5,64,27,37,42.2,4,1,25,5,0,100,0,0,4,3,56,75,31,26,9,21,20,12,5,10,4,8,0,21,25,16,7,0,0,0,0
134700,2024-10-12,"STL","VGK",17,"STL",0,1,0,0,0,0,0,0,53,28,25,52.8,2,1,50,2,0,100,0,0,3,4,50,51,22,28,11,10,11,17,2,4,2,4,0,18,10,13,10,0,0,0,0
134697,2024-10-11,"TBL","CAR",1,"TBL",1,0,0,0,0,0,2,1,66,31,35,47,6,2,33.3,4,0,100,2,0,4,1,44,61,23,21,8,20,19,13,4,8,6,12,0,19,17,18,3,0,0,0,0
134699,2024-10-12,"PHI","VAN",21,"VAN",0,0,0,1,0,1,1,0.25,64,37,27,57.8,5,0,0,4,1,75,0,0,3,4,75,56,26,31,21,9,12,24,4,8,5,10,0,25,21,11,8,0,0,0,0
134700,2024-10-12,"STL","VGK",142,"VGK",1,0,0,0,0,0,2,1,53,25,28,47.2,2,0,0,2,1,50,0,0,4,3,51,50,28,22,10,11,15,13,2,4,2,4,0,10,18,19,4,0,0,0,0
134698,2024-10-12,"CHI","WPJ",2,"WPJ",1,0,1,0,0,0,2,0.5,60,38,22,63.3,2,0,0,1,0,100,0,0,2,1,70,58,35,26,16,20,10,19,1,2,2,4,0,13,17,15,5,0,0,0,0
134714,2024-10-13,"ANA","SJS",29,"ANA",1,0,0,0,0,0,2,1,57,26,31,45.6,5,0,0,3,0,100,1,0,2,0,52,65,30,30,11,16,18,11,4,8,6,12,0,11,13,15,5,0,0,0,0
134701,2024-10-12,"LAK","BOS",11,"BOS",1,0,1,0,0,0,2,0.5,49,27,22,55.1,5,0,0,5,0,100,0,0,2,1,52,66,25,34,9,10,19,18,5,10,5,10,0,29,24,10,8,0,0,0,0
134702,2024-10-12,"FLO","BUF",15,"BUF",1,0,0,0,0,0,2,1,62,32,30,51.6,3,0,0,2,1,50,1,0,5,2,66,46,27,25,23,4,16,16,3,6,4,8,0,24,24,14,7,0,0,0,0
134712,2024-10-13,"PHI","CGY",23,"CGY",1,0,0,0,0,0,2,1,66,30,36,45.5,5,2,40,4,1,75,1,1,6,3,62,71,32,40,11,16,15,19,6,15,8,27,1,29,27,22,5,0,0,0,0
134713,2024-10-13,"CHI","EDM",20,"CHI",1,0,0,0,0,0,2,1,63,25,38,39.7,3,3,100,3,1,66.7,0,0,5,2,37,96,20,38,5,19,35,12,3,6,3,6,0,15,9,11,9,0,0,0,0
134711,2024-10-13,"CBJ","COL",22,"COL",0,1,0,0,0,0,0,0,64,36,28,56.2,4,2,50,3,1,66.7,0,0,4,6,72,46,30,23,19,10,13,23,5,18,5,10,0,26,7,11,10,0,0,0,0
134711,2024-10-13,"CBJ","COL",19,"CBJ",1,0,0,0,0,0,2,1,64,28,36,43.8,3,1,33.3,4,2,50,0,0,6,4,46,72,23,30,10,19,19,13,5,10,5,18,0,7,26,13,8,0,0,0,0
134709,2024-10-13,"NYI","DAL",27,"DAL",1,0,0,0,0,0,2,1,57,28,29,49.1,2,0,0,1,0,100,1,0,3,0,47,68,27,34,7,18,14,13,1,2,2,4,0,18,17,15,5,0,0,0,0
134705,2024-10-12,"NSH","DET",16,"DET",1,0,0,0,0,0,2,1,66,29,37,43.9,2,0,0,3,0,100,1,0,3,0,46,89,22,42,11,13,31,13,3,6,2,4,0,22,19,21,9,0,0,0,0
134713,2024-10-13,"CHI","EDM",24,"EDM",0,1,0,0,0,0,0,0,63,38,25,60.3,3,1,33.3,3,3,0,0,0,2,5,96,37,38,20,19,5,12,39,3,6,3,6,0,9,15,9,13,0,0,0,0
134702,2024-10-12,"FLO","BUF",4,"FLO",0,1,0,0,0,0,0,0,62,30,32,48.4,2,1,50,3,0,100,0,1,2,5,46,66,25,27,4,23,14,17,4,8,3,6,0,24,24,12,11,0,0,0,0
134701,2024-10-12,"LAK","BOS",28,"LAK",0,0,0,1,0,0,1,0.5,49,22,27,44.9,5,0,0,5,0,100,0,0,1,2,66,52,34,25,10,9,15,22,5,10,5,10,0,24,29,13,10,0,0,0,0
134710,2024-10-13,"SEA","MIN",25,"MIN",0,0,0,1,0,1,1,0.25,65,33,32,50.8,2,1,50,2,1,50,0,0,5,6,66,58,38,34,9,12,8,17,2,4,2,4,0,32,20,11,2,0,0,0,0
134704,2024-10-12,"OTT","MTL",14,"MTL",1,0,0,0,0,0,2,1,55,30,25,54.5,4,1,25,4,0,100,0,0,4,1,44,63,26,25,5,14,22,13,5,10,6,12,0,17,17,14,3,0,0,0,0
134705,2024-10-12,"NSH","DET",18,"NSH",0,1,0,0,0,0,0,0,66,37,29,56.1,3,0,0,2,0,100,0,1,0,3,89,46,42,22,13,11,12,34,2,4,3,6,0,19,22,21,8,0,0,0,0
134708,2024-10-12,"NJD","WSH",7,"NJD",1,0,0,0,0,0,2,1,55,32,23,58.2,4,0,0,3,1,66.7,1,0,5,3,59,56,33,32,7,9,15,19,4,8,5,10,0,18,20,16,3,0,0,0,0
134709,2024-10-13,"NYI","DAL",8,"NYI",0,1,0,0,0,0,0,0,57,29,28,50.9,1,0,0,2,0,100,0,1,0,3,68,47,34,27,18,7,13,16,2,4,1,2,0,17,18,20,5,0,0,0,0
134707,2024-10-12,"UTA","NYR",9,"NYR",0,0,0,1,0,0,1,0.5,65,37,28,56.9,3,1,33.3,4,1,75,0,0,5,6,70,60,34,26,21,19,13,15,7,28,6,26,2,17,11,24,4,0,0,0,0
134704,2024-10-12,"OTT","MTL",13,"OTT",0,1,0,0,0,0,0,0,55,25,30,45.5,4,0,0,4,1,75,0,0,1,4,63,44,25,26,14,5,11,24,6,10,5,10,0,17,17,16,6,0,0,0,0
134712,2024-10-13,"PHI","CGY",6,"PHI",0,1,0,0,0,0,0,0,66,36,30,54.5,4,1,25,5,2,60,1,1,3,6,71,62,40,32,16,11,17,15,8,27,6,15,1,27,29,12,3,0,0,0,0
134703,2024-10-12,"PIT","TOR",10,"PIT",0,1,0,0,0,0,0,0,47,22,25,46.8,4,1,25,3,0,100,0,1,2,4,58,51,23,33,14,6,10,21,3,6,4,8,0,13,17,9,12,0,0,0,0
134714,2024-10-13,"ANA","SJS",26,"SJS",0,1,0,0,0,0,0,0,57,31,26,54.4,3,0,0,5,0,100,0,1,0,2,65,52,30,30,16,11,10,19,6,12,4,8,0,13,11,13,6,0,0,0,0
134710,2024-10-13,"SEA","MIN",143,"SEA",1,0,0,0,1,0,2,0.5,65,32,33,49.2,2,1,50,2,1,50,0,0,6,5,58,66,34,38,12,9,15,10,2,4,2,4,0,20,32,11,6,0,0,0,0
134703,2024-10-12,"PIT","TOR",12,"TOR",1,0,0,0,0,0,2,1,47,25,22,53.2,3,0,0,4,1,75,1,0,4,2,51,58,33,23,6,14,17,12,4,8,3,6,0,17,13,17,8,0,0,0,0
134707,2024-10-12,"UTA","NYR",30,"UTA",1,0,1,0,0,0,2,0.5,65,28,37,43.1,4,1,25,3,1,66.7,0,0,6,5,60,70,26,34,19,21,15,15,6,26,7,28,2,11,17,22,6,0,0,0,0
134708,2024-10-12,"NJD","WSH",5,"WSH",0,1,0,0,0,0,0,0,55,23,32,41.8,3,1,33.3,4,0,100,0,1,3,5,56,59,32,33,9,7,18,15,5,10,4,8,0,20,18,17,8,0,0,0,0
134718,2024-10-14,"ANA","VGK",29,"ANA",0,1,0,0,0,0,0,0,43,20,23,46.5,1,0,0,4,1,75,0,0,1,3,62,71,23,32,16,23,15,23,4,8,1,2,0,20,15,11,5,0,0,0,0
134717,2024-10-14,"CGY","EDM",23,"CGY",1,0,0,0,0,0,2,1,52,23,29,44.2,3,0,0,1,0,100,1,0,4,1,65,58,29,26,15,15,17,21,1,2,3,6,0,27,13,23,4,0,0,0,0
134716,2024-10-14,"SEA","DAL",27,"DAL",1,0,0,0,0,0,2,1,52,27,25,51.9,3,0,0,4,0,100,0,0,2,0,55,57,23,25,15,17,14,17,5,10,4,8,0,13,24,13,5,0,0,0,0
134717,2024-10-14,"CGY","EDM",24,"EDM",0,1,0,0,0,0,0,0,52,29,23,55.8,1,0,0,3,0,100,0,1,1,4,58,65,26,29,15,15,17,17,3,6,1,2,0,13,27,20,8,0,0,0,0
134715,2024-10-13,"MIN","WPJ",25,"MIN",0,0,0,1,0,0,1,0.5,59,29,30,49.2,3,0,0,2,1,50,0,0,1,2,52,72,27,35,13,18,15,12,2,4,3,6,0,14,16,19,8,0,0,0,0
134716,2024-10-14,"SEA","DAL",143,"SEA",0,1,0,0,0,0,0,0,52,25,27,48.1,4,0,0,3,0,100,0,0,0,2,57,55,25,23,17,15,16,15,4,8,5,10,0,24,13,13,6,0,0,0,0
134718,2024-10-14,"ANA","VGK",142,"VGK",1,0,0,0,0,0,2,1,43,23,20,53.5,4,1,25,1,0,100,0,0,3,1,71,62,32,23,23,16,18,16,1,2,4,8,0,15,20,19,4,0,0,0,0
134715,2024-10-13,"MIN","WPJ",2,"WPJ",1,0,1,0,0,0,2,0.5,59,30,29,50.8,2,1,50,3,0,100,0,0,2,1,72,52,35,27,18,13,11,19,3,6,2,4,0,16,14,19,7,0,0,0,0
134732,2024-10-16,"CHI","CGY",23,"CGY",1,0,0,0,0,0,2,1,66,34,32,51.5,3,1,33.3,2,0,100,0,0,3,1,53,64,26,32,9,10,21,18,2,4,3,6,0,28,13,19,5,0,0,0,0
134727,2024-10-15,"NJD","CAR",3,"CAR",1,0,0,0,0,0,2,1,54,30,24,55.6,1,0,0,3,1,66.7,0,0,4,2,74,57,31,25,17,15,16,26,3,6,1,2,0,19,25,23,9,0,0,0,0
134732,2024-10-16,"CHI","CGY",20,"CHI",0,1,0,0,0,0,0,0,66,32,34,48.5,2,0,0,3,1,66.7,0,0,1,3,64,53,32,26,10,9,18,22,3,6,2,4,0,13,28,12,9,0,0,0,0
134728,2024-10-15,"FLO","CBJ",19,"CBJ",0,1,0,0,0,0,0,0,61,35,26,57.4,2,0,0,3,0,100,1,0,3,4,73,46,38,22,20,8,13,15,3,6,2,4,0,17,25,10,7,0,0,0,0
134731,2024-10-16,"SJS","DAL",27,"DAL",1,0,0,0,1,0,2,0.5,57,30,27,52.6,4,0,0,3,0,100,0,0,5,3,86,51,38,27,24,11,10,21,3,6,3,8,0,19,33,21,5,0,0,0,0
134733,2024-10-16,"PHI","EDM",24,"EDM",1,0,1,0,0,0,2,0.5,66,39,27,59.1,4,0,0,7,2,71.4,0,0,4,3,68,53,33,30,12,13,9,23,9,24,6,18,2,23,21,12,7,0,0,0,0
134728,2024-10-15,"FLO","CBJ",4,"FLO",1,0,0,0,0,0,2,1,61,26,35,42.6,3,0,0,2,0,100,0,1,4,3,46,73,22,38,8,20,13,16,2,4,3,6,0,25,17,23,8,0,0,0,0
134729,2024-10-15,"MIN","STL",25,"MIN",1,0,0,0,0,0,2,1,47,21,26,44.7,5,2,40,2,0,100,1,0,4,1,61,72,27,28,14,20,23,20,2,4,4,10,0,30,29,17,5,0,0,0,0
134730,2024-10-16,"SEA","NSH",18,"NSH",0,1,0,0,0,0,0,0,63,37,26,58.7,2,0,0,2,0,100,0,0,3,7,66,52,33,35,11,9,8,22,3,6,3,6,0,28,23,15,5,0,0,0,0
134727,2024-10-15,"NJD","CAR",7,"NJD",0,1,0,0,0,0,0,0,54,24,30,44.4,3,1,33.3,1,0,100,0,0,2,4,57,74,25,31,15,17,25,17,1,2,3,6,0,25,19,22,5,0,0,0,0
134733,2024-10-16,"PHI","EDM",6,"PHI",0,0,0,1,0,0,1,0.5,66,27,39,40.9,7,2,28.6,4,0,100,0,0,3,4,53,68,30,33,13,12,21,10,6,18,9,24,2,21,23,9,7,0,0,0,0
134731,2024-10-16,"SJS","DAL",26,"SJS",0,0,0,1,0,1,1,0.25,57,27,30,47.4,3,0,0,4,0,100,0,0,3,5,51,86,27,38,11,24,18,11,3,8,3,6,0,33,19,22,6,0,0,0,0
134730,2024-10-16,"SEA","NSH",143,"SEA",1,0,0,0,0,0,2,1,63,26,37,41.3,2,0,0,2,0,100,0,0,7,3,52,66,35,33,9,11,19,8,3,6,3,6,0,23,28,15,6,0,0,0,0
134729,2024-10-15,"MIN","STL",17,"STL",0,1,0,0,0,0,0,0,47,26,21,55.3,2,0,0,5,2,60,0,1,1,4,72,61,28,27,20,14,18,24,4,10,2,4,0,29,30,16,5,0,0,0,0
134725,2024-10-15,"VAN","TBL",1,"TBL",1,0,0,0,0,0,2,1,51,22,29,43.1,5,0,0,3,1,66.7,0,0,4,1,58,63,28,27,14,12,19,16,4,8,5,14,0,13,22,13,3,0,0,0,0
134725,2024-10-15,"VAN","TBL",21,"VAN",0,1,0,0,0,0,0,0,51,29,22,56.9,3,1,33.3,5,0,100,0,0,1,4,63,58,27,28,12,14,15,24,5,14,4,8,0,22,13,10,8,0,0,0,0
134726,2024-10-15,"VGK","WSH",142,"VGK",0,1,0,0,0,0,0,0,55,25,30,45.5,4,1,25,3,1,66.7,0,0,2,4,54,56,26,22,13,16,15,15,3,6,4,8,0,9,24,7,1,0,0,0,0
134726,2024-10-15,"VGK","WSH",5,"WSH",1,0,0,0,0,0,2,1,55,30,25,54.5,3,1,33.3,4,1,75,0,0,4,2,56,54,22,26,16,13,13,18,4,8,3,6,0,24,9,13,5,0,0,0,0
134737,2024-10-17,"UTA","ANA",29,"ANA",1,0,1,0,0,0,2,0.5,68,26,42,38.2,5,0,0,2,1,50,0,0,5,4,67,67,34,30,12,16,19,21,4,8,7,14,0,18,9,21,6,0,0,0,0
134736,2024-10-17,"BOS","COL",11,"BOS",1,0,0,0,0,0,2,1,62,38,24,61.3,4,2,50,3,3,0,0,0,5,3,60,54,25,25,16,15,14,19,4,11,5,13,1,34,34,15,4,0,0,0,0
134734,2024-10-16,"BUF","PIT",15,"BUF",0,0,0,1,0,0,1,0.5,66,25,41,37.9,1,0,0,5,2,60,0,1,5,6,57,73,33,43,10,13,17,14,6,12,2,4,0,19,16,17,6,0,0,0,0
134736,2024-10-17,"BOS","COL",22,"COL",0,1,0,0,0,0,0,0,62,24,38,38.7,3,3,100,4,2,50,0,0,3,5,54,60,25,25,15,16,15,14,5,13,4,11,1,34,34,20,6,0,0,0,0
134735,2024-10-16,"LAK","TOR",28,"LAK",0,1,0,0,0,0,0,0,60,27,33,45,4,0,0,4,2,50,0,0,2,6,70,39,34,26,18,4,8,18,4,8,4,8,0,27,28,10,6,0,0,0,0
134734,2024-10-16,"BUF","PIT",10,"PIT",1,0,1,0,0,0,2,0.5,66,41,25,62.1,5,2,40,1,0,100,1,0,6,5,73,57,43,33,13,10,14,17,2,4,6,12,0,16,19,23,11,0,0,0,0
134735,2024-10-16,"LAK","TOR",12,"TOR",1,0,0,0,0,0,2,1,60,33,27,55,4,2,50,4,0,100,0,0,6,2,39,70,26,34,4,18,17,9,4,8,4,8,0,28,27,7,4,0,0,0,0
134737,2024-10-17,"UTA","ANA",30,"UTA",0,0,0,1,0,0,1,0.5,68,42,26,61.8,2,1,50,5,0,100,0,0,4,5,67,67,30,34,16,12,20,21,7,14,4,8,0,9,18,19,6,0,0,0,0
134744,2024-10-17,"BUF","CBJ",15,"BUF",0,1,0,0,0,0,0,0,55,28,27,50.9,2,0,0,3,1,66.7,0,0,4,6,56,43,24,25,14,9,8,18,3,6,2,4,0,9,6,13,6,0,0,0,0
134747,2024-10-18,"SJS","CHI",20,"CHI",1,0,0,0,0,0,2,1,59,26,33,44.1,7,2,28.6,3,0,100,0,0,4,2,67,56,27,22,22,15,18,18,3,6,7,14,0,13,22,6,7,0,0,0,0
134744,2024-10-17,"BUF","CBJ",19,"CBJ",1,0,0,0,0,0,2,1,55,27,28,49.1,3,1,33.3,2,0,100,0,0,6,4,43,56,25,24,9,14,17,9,2,4,3,6,0,6,9,14,7,0,0,0,0
134743,2024-10-17,"DAL","WSH",27,"DAL",0,1,0,0,0,0,0,0,59,31,28,52.5,4,0,0,5,0,100,1,0,2,3,65,51,24,26,12,10,12,29,5,10,4,8,0,9,27,17,3,0,0,0,0
134740,2024-10-17,"NYR","DET",16,"DET",0,1,0,0,0,0,0,0,65,29,36,44.6,5,1,20,4,3,25,0,0,2,5,60,64,31,34,17,11,16,12,6,12,7,14,0,20,14,18,5,0,0,0,0
134746,2024-10-18,"EDM","NSH",24,"EDM",1,0,0,0,0,0,2,1,66,30,36,45.5,4,0,0,3,1,66.7,0,0,4,2,68,57,36,27,15,11,18,17,3,11,5,13,1,8,30,18,1,0,0,0,0
134742,2024-10-17,"VAN","FLO",4,"FLO",0,0,0,1,0,0,1,0.5,61,31,30,50.8,1,1,100,2,0,100,0,0,2,3,61,56,28,33,14,12,10,19,4,11,3,9,1,35,41,7,0,0,0,0,0
134738,2024-10-17,"LAK","MTL",28,"LAK",1,0,0,0,0,0,2,1,54,22,32,40.7,2,0,0,5,0,100,0,0,4,1,65,49,32,27,12,10,12,21,5,10,3,6,0,25,34,12,6,0,0,0,0
134738,2024-10-17,"LAK","MTL",14,"MTL",0,1,0,0,0,0,0,0,54,32,22,59.3,5,0,0,2,0,100,0,0,1,4,49,65,27,32,10,12,19,12,3,4,5,10,0,34,25,13,9,0,0,0,0
134746,2024-10-18,"EDM","NSH",18,"NSH",0,1,0,0,0,0,0,0,66,36,30,54.5,3,1,33.3,4,0,100,0,0,2,4,57,68,27,36,11,15,15,19,5,13,3,11,1,30,8,21,5,0,0,0,0
134739,2024-10-17,"NJD","OTT",7,"NJD",1,0,0,0,0,0,2,1,48,23,25,47.9,2,0,0,3,1,66.7,1,0,3,1,71,63,35,31,15,19,11,21,3,6,2,4,0,22,27,14,3,0,0,0,0
134745,2024-10-18,"NYI","STL",8,"NYI",0,0,0,1,0,0,1,0.5,45,24,21,53.3,2,0,0,1,0,100,0,0,0,1,58,57,34,30,9,5,21,15,2,4,3,6,0,23,30,13,5,0,0,0,0
134740,2024-10-17,"NYR","DET",9,"NYR",1,0,0,0,0,0,2,1,65,36,29,55.4,4,3,75,5,1,80,0,0,5,2,64,60,34,31,11,17,11,19,7,14,6,12,0,14,20,14,8,0,0,0,0
134739,2024-10-17,"NJD","OTT",13,"OTT",0,1,0,0,0,0,0,0,48,25,23,52.1,3,1,33.3,2,0,100,0,1,1,3,63,71,31,35,19,15,18,13,2,4,3,6,0,27,22,16,4,0,0,0,0
134748,2024-10-18,"PHI","SEA",6,"PHI",0,1,0,0,0,0,0,0,57,31,26,54.4,4,1,25,5,1,80,0,0,4,6,60,66,25,29,16,16,21,19,8,19,7,17,1,27,21,10,9,0,0,0,0
134747,2024-10-18,"SJS","CHI",26,"SJS",0,1,0,0,0,0,0,0,59,33,26,55.9,3,0,0,7,2,71.4,0,0,2,4,56,67,22,27,15,22,18,19,7,14,3,6,0,22,13,8,6,0,0,0,0
134748,2024-10-18,"PHI","SEA",143,"SEA",1,0,0,0,0,0,2,1,57,26,31,45.6,5,1,20,4,1,75,0,0,6,4,66,60,29,25,16,16,19,21,7,17,8,19,1,21,27,12,8,0,0,0,0
134745,2024-10-18,"NYI","STL",17,"STL",1,0,1,0,0,0,2,0.5,45,21,24,46.7,1,0,0,2,0,100,0,0,1,0,57,58,30,34,5,9,12,22,3,6,2,4,0,30,23,12,5,0,0,0,0
134741,2024-10-17,"VGK","TBL",1,"TBL",1,0,0,0,0,0,2,1,46,20,26,43.5,2,0,0,3,1,66.7,0,0,4,3,71,44,25,25,21,9,9,25,3,6,2,4,0,22,16,13,2,0,0,0,0
134742,2024-10-17,"VAN","FLO",21,"VAN",1,0,1,0,0,0,2,0.5,61,30,31,49.2,2,0,0,1,1,0,0,0,3,2,56,61,33,28,12,14,18,11,3,9,4,11,1,41,35,15,2,0,0,0,0
134741,2024-10-17,"VGK","TBL",142,"VGK",0,1,0,0,0,0,0,0,46,26,20,56.5,3,1,33.3,2,0,100,0,0,3,4,44,71,25,25,9,21,20,10,2,4,3,6,0,16,22,13,4,0,0,0,0
134743,2024-10-17,"DAL","WSH",5,"WSH",1,0,0,0,0,0,2,1,59,28,31,47.5,5,0,0,4,0,100,0,1,3,2,51,65,26,24,10,12,26,15,4,8,5,10,0,27,9,16,4,0,0,0,0
134751,2024-10-19,"ANA","COL",29,"ANA",0,0,0,1,0,0,1,0.5,59,23,36,39,3,0,0,5,1,80,0,0,3,4,59,99,20,49,19,19,27,20,5,10,3,6,0,21,16,10,3,0,0,0,0
134749,2024-10-18,"CAR","PIT",3,"CAR",1,0,0,0,0,0,2,1,57,27,30,47.4,4,2,50,5,0,100,0,0,4,1,82,51,39,26,17,11,13,26,6,12,4,10,0,15,27,15,6,0,0,0,0
134751,2024-10-19,"ANA","COL",22,"COL",1,0,1,0,0,0,2,0.5,59,36,23,61,5,1,20,3,0,100,0,0,4,3,99,59,49,20,19,19,19,31,3,6,5,10,0,16,21,16,5,0,0,0,0
134749,2024-10-18,"CAR","PIT",10,"PIT",0,1,0,0,0,0,0,0,57,30,27,52.6,5,0,0,4,2,50,0,0,1,4,51,82,26,39,11,17,21,14,4,10,6,12,0,27,15,17,3,0,0,0,0
134750,2024-10-19,"SJS","WPJ",26,"SJS",0,1,0,0,0,0,0,0,55,27,28,49.1,2,1,50,7,4,42.9,0,0,3,8,45,72,22,36,13,15,21,10,7,14,2,4,0,25,20,12,6,0,0,0,0
134750,2024-10-19,"SJS","WPJ",2,"WPJ",1,0,0,0,0,0,2,1,55,28,27,50.9,7,4,57.1,2,1,50,0,0,8,3,72,45,36,22,15,13,10,21,2,4,7,14,0,20,25,10,5,0,0,0,0
134763,2024-10-20,"BOS","UTA",11,"BOS",0,0,0,1,0,0,1,0.5,49,23,26,46.9,3,0,0,4,0,100,0,0,1,2,43,70,23,32,11,17,19,9,5,10,4,8,0,29,12,22,3,0,0,0,0
134762,2024-10-20,"BUF","CHI",15,"BUF",1,0,0,0,0,0,2,1,54,25,29,46.3,4,0,0,1,0,100,0,0,4,2,54,60,22,37,13,8,14,19,3,6,6,12,0,24,21,10,4,0,0,0,0
134764,2024-10-20,"CGY","SEA",23,"CGY",0,0,0,1,0,0,1,0.5,61,27,34,44.3,3,1,33.3,6,1,83.3,0,0,1,2,60,58,22,23,24,16,16,14,5,12,3,6,0,31,27,16,5,0,0,0,0
134761,2024-10-19,"CAR","STL",3,"CAR",0,1,0,0,0,0,0,0,71,32,39,45.1,3,1,33.3,4,0,100,0,0,3,4,67,34,40,19,14,9,5,13,7,14,5,10,0,13,27,11,9,0,0,0,0
134762,2024-10-20,"BUF","CHI",20,"CHI",0,1,0,0,0,0,0,0,54,29,25,53.7,1,0,0,4,0,100,0,0,2,4,60,54,37,22,8,13,19,15,6,12,3,6,0,21,24,11,6,0,0,0,0
134760,2024-10-19,"MIN","CBJ",19,"CBJ",0,1,0,0,0,0,0,0,47,25,22,53.2,3,0,0,3,1,66.7,0,0,1,3,59,61,24,35,13,14,11,22,3,6,2,6,0,27,13,18,10,0,0,0,0
134754,2024-10-19,"EDM","DAL",27,"DAL",1,0,0,0,0,0,2,1,62,23,39,37.1,1,1,100,2,0,100,0,0,4,1,52,73,24,31,14,19,22,14,2,4,1,2,0,23,10,15,10,0,0,0,0
134753,2024-10-19,"DET","NSH",16,"DET",1,0,0,0,0,0,2,1,63,34,29,54,3,1,33.3,2,1,50,0,0,5,2,47,78,24,39,11,20,16,12,3,6,4,8,0,25,27,16,12,0,0,0,0
134754,2024-10-19,"EDM","DAL",24,"EDM",0,1,0,0,0,0,0,0,62,39,23,62.9,2,0,0,1,1,0,0,0,1,4,73,52,31,24,19,14,12,23,1,2,2,4,0,10,23,23,8,0,0,0,0
134755,2024-10-19,"VGK","FLO",4,"FLO",1,0,1,0,0,0,2,0.5,67,29,38,43.3,2,1,50,1,0,100,0,0,4,3,90,55,49,26,13,12,17,28,1,2,2,4,0,17,25,23,5,0,0,0,0
134760,2024-10-19,"MIN","CBJ",25,"MIN",1,0,0,0,0,0,2,1,47,22,25,46.8,3,1,33.3,3,0,100,0,0,3,1,61,59,35,24,14,13,20,12,2,6,3,6,0,13,27,23,4,0,0,0,0
134758,2024-10-19,"MTL","NYI",14,"MTL",0,0,0,1,0,1,1,0.25,55,26,29,47.3,1,1,100,6,1,83.3,0,0,3,3,47,82,24,36,14,19,25,9,6,12,1,2,0,30,28,17,5,9,9,2,3
134753,2024-10-19,"DET","NSH",18,"NSH",0,1,0,0,0,0,0,0,63,29,34,46,2,1,50,3,1,66.7,0,0,2,5,78,47,39,24,20,11,12,19,4,8,3,6,0,27,25,9,5,0,0,0,0
134757,2024-10-19,"WSH","NJD",7,"NJD",0,0,0,1,0,0,1,0.5,59,34,25,57.6,2,1,50,2,0,100,0,0,5,6,59,65,31,37,13,12,15,15,3,9,3,9,1,32,40,13,2,0,0,0,0
134758,2024-10-19,"MTL","NYI",8,"NYI",1,0,0,0,1,0,2,0.5,55,29,26,52.7,6,1,16.7,1,1,0,0,0,4,3,82,47,36,24,19,14,8,27,1,2,6,12,0,28,30,13,6,9,9,3,2
134756,2024-10-19,"NYR","TOR",9,"NYR",1,0,0,0,0,0,2,1,51,24,27,47.1,2,0,0,3,0,100,0,0,4,1,55,79,29,35,14,18,22,12,3,6,2,4,0,19,20,9,11,0,0,0,0
134752,2024-10-19,"TBL","OTT",13,"OTT",1,0,0,0,0,0,2,1,67,31,36,46.3,5,2,40,3,0,100,1,0,5,4,55,55,28,29,5,8,18,22,5,10,7,14,0,30,15,14,10,0,0,0,0
134759,2024-10-19,"VAN","PHI",6,"PHI",0,1,0,0,0,0,0,0,57,29,28,50.9,3,0,0,2,0,100,0,0,0,3,59,55,26,32,23,11,12,10,3,6,3,8,0,28,37,18,1,0,0,0,0
134764,2024-10-20,"CGY","SEA",143,"SEA",1,0,1,0,0,0,2,0.5,61,34,27,55.7,6,1,16.7,3,1,66.7,0,0,2,1,58,60,23,22,16,24,10,19,3,6,5,12,0,27,31,16,3,0,0,0,0
134761,2024-10-19,"CAR","STL",17,"STL",1,0,0,0,0,0,2,1,71,39,32,54.9,4,0,0,3,1,66.7,0,0,4,3,34,67,19,40,9,14,12,6,5,10,7,14,0,27,13,18,3,0,0,0,0
134752,2024-10-19,"TBL","OTT",1,"TBL",0,1,0,0,0,0,0,0,67,36,31,53.7,3,0,0,5,2,60,0,1,4,5,55,55,29,28,8,5,20,18,7,14,5,10,0,15,30,17,2,0,0,0,0
134756,2024-10-19,"NYR","TOR",12,"TOR",0,1,0,0,0,0,0,0,51,27,24,52.9,3,0,0,2,0,100,0,0,1,4,79,55,35,29,18,14,11,26,2,4,3,6,0,20,19,15,7,0,0,0,0
134763,2024-10-20,"BOS","UTA",30,"UTA",1,0,1,0,0,0,2,0.5,49,26,23,53.1,4,0,0,3,0,100,0,0,2,1,70,43,32,23,17,11,8,21,4,8,5,10,0,12,29,17,2,0,0,0,0
134759,2024-10-19,"VAN","PHI",21,"VAN",1,0,0,0,0,0,2,1,57,28,29,49.1,2,0,0,3,0,100,0,0,3,0,55,59,32,26,11,23,10,12,3,8,3,6,0,37,28,14,4,0,0,0,0
134755,2024-10-19,"VGK","FLO",142,"VGK",0,0,0,1,0,0,1,0.5,67,38,29,56.7,1,0,0,2,1,50,0,0,3,4,55,90,26,49,12,13,28,17,2,4,1,2,0,25,17,27,3,0,0,0,0
134757,2024-10-19,"WSH","NJD",5,"WSH",1,0,1,0,0,0,2,0.5,59,25,34,42.4,2,0,0,2,1,50,0,0,6,5,65,59,37,31,12,13,15,16,3,9,3,9,1,40,32,12,8,0,0,0,0
134767,2024-10-21,"LAK","ANA",29,"ANA",0,1,0,0,0,0,0,0,53,20,33,37.7,3,0,0,2,0,100,0,0,1,4,38,73,15,37,12,17,17,11,2,4,3,6,0,20,20,10,3,0,0,0,0
134766,2024-10-20,"COL","SJS",22,"COL",1,0,0,0,0,0,2,1,63,32,31,50.8,4,1,25,5,1,80,0,0,4,1,48,63,22,26,13,16,18,13,7,17,6,15,1,19,26,19,0,0,0,0,0
134767,2024-10-21,"LAK","ANA",28,"LAK",1,0,0,0,0,0,2,1,53,33,20,62.3,2,0,0,3,0,100,0,0,4,1,73,38,37,15,17,12,11,19,3,6,2,4,0,20,20,12,8,0,0,0,0
134765,2024-10-20,"PIT","WPJ",10,"PIT",0,1,0,0,0,0,0,0,62,34,28,54.8,1,1,100,2,0,100,0,0,3,6,86,62,42,37,17,14,11,27,3,6,2,4,0,18,21,15,3,0,0,0,0
134766,2024-10-20,"COL","SJS",26,"SJS",0,1,0,0,0,0,0,0,63,31,32,49.2,5,1,20,4,1,75,0,0,1,4,63,48,26,22,16,13,13,21,6,15,7,17,1,26,19,16,0,0,0,0,0
134765,2024-10-20,"PIT","WPJ",2,"WPJ",1,0,0,0,0,0,2,1,62,28,34,45.2,2,0,0,1,1,0,0,0,6,3,62,86,37,42,14,17,25,11,2,4,3,6,0,21,18,24,4,0,0,0,0
134768,2024-10-21,"TBL","TOR",1,"TBL",0,1,0,0,0,0,0,0,46,29,17,63,6,1,16.7,4,1,75,0,0,2,5,66,67,34,29,13,22,14,19,5,13,7,17,1,20,20,10,4,0,0,0,0
134768,2024-10-21,"TBL","TOR",12,"TOR",1,0,0,0,0,0,2,1,46,17,29,37,4,1,25,6,1,83.3,0,0,5,2,67,66,29,34,22,13,18,16,7,17,5,13,1,20,20,16,8,0,0,0,0
134782,2024-10-23,"SJS","ANA",29,"ANA",1,0,0,0,0,0,2,1,71,33,38,46.5,6,2,33.3,2,1,50,0,0,3,1,75,76,40,28,19,20,25,16,3,6,7,14,0,15,22,25,0,0,0,0,0
134778,2024-10-23,"BOS","NSH",11,"BOS",0,1,0,0,0,0,0,0,60,26,34,43.3,4,0,0,6,1,83.3,0,0,0,4,55,75,33,42,10,14,18,12,6,17,5,13,1,17,32,19,6,0,0,0,0
134772,2024-10-22,"DAL","BUF",15,"BUF",1,0,0,0,0,0,2,1,49,19,30,38.8,1,0,0,3,0,100,0,0,4,2,55,73,25,30,13,13,27,17,3,6,1,2,0,17,20,16,10,0,0,0,0
134779,2024-10-23,"PIT","CGY",23,"CGY",1,0,0,0,1,0,2,0.5,76,28,48,36.8,4,0,0,4,1,75,0,0,4,3,62,66,25,38,15,15,11,22,4,8,4,8,0,24,31,17,3,6,6,3,2
134780,2024-10-23,"CAR","EDM",3,"CAR",1,0,1,0,0,0,2,0.5,52,23,29,44.2,2,1,50,4,1,75,0,0,3,2,66,58,33,35,18,9,13,15,5,10,3,6,0,25,14,21,10,0,0,0,0
134777,2024-10-23,"VAN","CHI",20,"CHI",0,1,0,0,0,0,0,0,62,37,25,59.7,5,1,20,3,2,33.3,0,0,3,6,58,56,34,30,10,11,14,14,3,6,5,10,0,16,25,19,6,0,0,0,0
134783,2024-10-23,"COL","SEA",22,"COL",1,0,0,0,0,0,2,1,56,21,35,37.5,3,1,33.3,1,1,0,0,0,3,2,60,73,28,27,15,20,23,17,1,2,3,6,0,17,18,13,3,0,0,0,0
134774,2024-10-22,"TOR","CBJ",19,"CBJ",1,0,0,0,0,0,2,1,70,38,32,54.3,4,0,0,3,0,100,0,0,6,2,71,58,38,28,16,14,14,17,5,10,6,12,0,19,22,19,5,0,0,0,0
134772,2024-10-22,"DAL","BUF",27,"DAL",0,1,0,0,0,0,0,0,49,30,19,61.2,3,0,0,1,0,100,0,0,2,4,73,55,30,25,13,13,16,30,1,2,3,6,0,20,17,14,8,0,0,0,0
134775,2024-10-22,"DET","NYI",16,"DET",1,0,0,0,0,0,2,1,63,30,33,47.6,1,0,0,3,0,100,0,0,1,0,28,66,11,29,7,21,15,10,3,6,1,2,0,10,13,19,1,0,0,0,0
134780,2024-10-23,"CAR","EDM",24,"EDM",0,0,0,1,0,0,1,0.5,52,29,23,55.8,4,1,25,2,1,50,0,0,2,3,58,66,35,33,9,18,15,14,3,6,5,10,0,14,25,17,9,0,0,0,0
134770,2024-10-22,"MIN","FLO",4,"FLO",0,1,0,0,0,0,0,0,50,22,28,44,0,0,0,2,1,50,0,0,1,5,60,45,25,22,13,11,12,22,2,4,0,0,0,55,26,8,8,0,0,0,0
134784,2024-10-23,"LAK","VGK",28,"LAK",0,1,0,0,0,0,0,0,50,18,32,36,4,0,0,2,2,0,0,0,1,6,79,53,33,30,24,9,12,22,2,4,3,8,0,35,21,17,6,0,0,0,0
134770,2024-10-22,"MIN","FLO",25,"MIN",1,0,0,0,0,0,2,1,50,28,22,56,2,1,50,0,0,0,0,0,5,1,45,60,22,25,11,13,20,12,0,0,2,4,0,26,55,8,4,0,0,0,0
134773,2024-10-22,"NYR","MTL",14,"MTL",0,1,0,0,0,0,0,0,51,27,24,52.9,3,1,33.3,3,1,66.7,0,0,2,7,50,81,23,45,11,20,16,16,7,25,6,15,1,21,18,23,4,0,0,0,0
134778,2024-10-23,"BOS","NSH",18,"NSH",1,0,0,0,0,0,2,1,60,34,26,56.7,6,1,16.7,4,0,100,0,0,4,0,75,55,42,33,14,10,10,19,5,13,6,17,1,32,17,21,7,0,0,0,0
134771,2024-10-22,"TBL","NJD",7,"NJD",0,1,0,0,0,0,0,0,75,38,37,50.7,3,2,66.7,2,2,0,0,1,5,8,63,58,35,37,7,12,9,21,3,6,4,8,0,23,14,13,5,0,0,0,0
134775,2024-10-22,"DET","NYI",8,"NYI",0,1,0,0,0,0,0,0,63,33,30,52.4,3,0,0,1,0,100,0,0,0,1,66,28,29,11,21,7,9,16,1,2,3,6,0,13,10,16,5,0,0,0,0
134773,2024-10-22,"NYR","MTL",9,"NYR",1,0,0,0,0,0,2,1,51,24,27,47.1,3,1,33.3,3,1,66.7,0,0,7,2,81,50,45,23,20,11,15,16,6,15,7,25,1,18,21,16,6,0,0,0,0
134781,2024-10-23,"OTT","UTA",13,"OTT",1,0,0,0,0,0,2,1,59,24,35,40.7,1,1,100,2,0,100,0,0,4,0,46,72,23,31,11,23,16,12,4,8,3,6,0,38,29,16,9,0,0,0,0
134769,2024-10-22,"WSH","PHI",6,"PHI",0,1,0,0,0,0,0,0,51,24,27,47.1,3,0,0,5,0,100,0,2,1,4,46,56,18,29,10,14,12,18,7,17,5,13,1,23,20,15,8,0,0,0,0
134779,2024-10-23,"PIT","CGY",10,"PIT",0,0,0,1,0,1,1,0.25,76,48,28,63.2,4,1,25,4,0,100,0,0,3,3,66,62,38,25,15,15,21,13,4,8,4,8,0,31,24,17,7,6,6,2,3
134782,2024-10-23,"SJS","ANA",26,"SJS",0,1,0,0,0,0,0,0,71,38,33,53.5,2,1,50,6,2,66.7,0,0,1,3,76,75,28,40,20,19,15,28,7,14,3,6,0,22,15,18,0,0,0,0,0
134783,2024-10-23,"COL","SEA",143,"SEA",0,1,0,0,0,0,0,0,56,35,21,62.5,1,1,100,3,1,66.7,0,0,2,3,73,60,27,28,20,15,17,26,3,6,1,2,0,18,17,21,4,0,0,0,0
134776,2024-10-23,"WPJ","STL",17,"STL",0,1,0,0,0,0,0,0,52,22,30,42.3,2,0,0,2,1,50,0,0,2,3,60,63,29,24,12,15,21,19,2,4,2,4,0,22,14,23,4,0,0,0,0
134771,2024-10-22,"TBL","NJD",1,"TBL",1,0,0,0,0,0,2,1,75,37,38,49.3,2,2,100,3,2,33.3,1,0,8,5,58,63,37,35,12,7,20,9,4,8,3,6,0,14,23,9,4,0,0,0,0
134774,2024-10-22,"TOR","CBJ",12,"TOR",0,1,0,0,0,0,0,0,70,32,38,45.7,3,0,0,4,0,100,0,0,2,6,58,71,28,38,14,16,15,16,6,12,5,10,0,22,19,16,6,0,0,0,0
134781,2024-10-23,"OTT","UTA",30,"UTA",0,1,0,0,0,0,0,0,59,35,24,59.3,2,0,0,1,1,0,0,0,0,4,72,46,31,23,23,11,12,18,3,6,4,8,0,29,38,17,1,0,0,0,0
134777,2024-10-23,"VAN","CHI",21,"VAN",1,0,0,0,0,0,2,1,62,25,37,40.3,3,2,66.7,5,1,80,0,0,6,3,56,58,30,34,11,10,12,15,5,10,3,6,0,25,16,12,9,0,0,0,0
134784,2024-10-23,"LAK","VGK",142,"VGK",1,0,0,0,0,0,2,1,50,32,18,64,2,2,100,4,0,100,0,0,6,1,53,79,30,33,9,24,21,14,3,8,2,4,0,21,35,14,5,0,0,0,0
134769,2024-10-22,"WSH","PHI",5,"WSH",1,0,0,0,0,0,2,1,51,27,24,52.9,5,0,0,3,0,100,2,0,4,1,56,46,29,18,14,10,16,13,5,13,7,17,1,20,23,14,11,0,0,0,0
134776,2024-10-23,"WPJ","STL",2,"WPJ",1,0,0,0,0,0,2,1,52,30,22,57.7,2,1,50,2,0,100,0,0,3,2,63,60,24,29,15,12,16,24,2,4,2,4,0,14,22,12,3,0,0,0,0
134785,2024-10-23,"PHI","WSH",6,"PHI",0,1,0,0,0,0,0,0,68,42,26,61.8,4,2,50,3,0,100,0,0,3,6,57,53,29,26,6,15,11,22,4,8,5,10,0,32,16,18,3,0,0,0,0
134785,2024-10-23,"PHI","WSH",5,"WSH",1,0,0,0,0,0,2,1,68,26,42,38.2,3,0,0,4,2,50,0,0,6,3,53,57,26,29,15,6,20,12,5,10,4,8,0,16,32,17,5,0,0,0,0
134786,2024-10-24,"DAL","BOS",11,"BOS",0,1,0,0,0,0,0,0,53,28,25,52.8,4,1,25,5,3,40,0,0,2,5,57,55,27,32,19,9,14,11,5,10,4,8,0,29,18,22,5,0,0,0,0
134791,2024-10-25,"CAR","CGY",23,"CGY",0,1,0,0,0,0,0,0,73,30,43,41.1,2,0,0,3,1,66.7,0,0,2,4,59,81,32,43,9,16,19,18,5,10,3,8,0,31,17,24,5,0,0,0,0
134791,2024-10-25,"CAR","CGY",3,"CAR",1,0,0,0,0,0,2,1,73,43,30,58.9,3,1,33.3,2,0,100,0,0,4,2,81,59,43,32,16,9,15,22,3,8,5,10,0,17,31,24,10,0,0,0,0
134792,2024-10-25,"COL","UTA",22,"COL",1,0,0,0,0,0,2,1,57,16,41,28.1,4,2,50,3,0,100,0,0,5,1,42,59,26,26,5,13,19,11,3,6,4,8,0,27,15,12,2,0,0,0,0
134786,2024-10-24,"DAL","BOS",27,"DAL",1,0,0,0,0,0,2,1,53,25,28,47.2,5,3,60,4,1,75,0,0,5,2,55,57,32,27,9,19,9,14,4,8,5,10,0,18,29,20,4,0,0,0,0
134788,2024-10-24,"NJD","DET",16,"DET",1,0,0,0,0,0,2,1,56,28,28,50,4,2,50,5,3,40,0,0,5,3,48,82,20,40,13,18,16,15,8,22,7,20,2,24,37,10,10,0,0,0,0
134790,2024-10-24,"FLO","NYR",4,"FLO",1,0,0,0,0,0,2,1,51,20,31,39.2,2,0,0,4,0,100,0,0,3,1,58,52,29,25,15,13,13,14,4,8,2,4,0,32,29,12,6,0,0,0,0
134794,2024-10-25,"SJS","LAK",28,"LAK",1,0,0,0,0,0,2,1,58,27,31,46.6,2,0,0,6,2,66.7,0,0,3,2,56,62,30,26,12,11,24,14,8,19,4,11,1,24,39,21,8,0,0,0,0
134789,2024-10-24,"MIN","TBL",25,"MIN",1,0,0,0,0,0,2,1,52,29,23,55.8,4,1,25,1,0,100,0,1,4,2,46,54,18,25,11,8,19,17,1,2,4,8,0,29,14,12,7,0,0,0,0
134788,2024-10-24,"NJD","DET",7,"NJD",0,1,0,0,0,0,0,0,56,28,28,50,5,3,60,4,2,50,0,0,3,5,82,48,40,20,18,13,14,24,7,20,8,22,2,37,24,9,12,0,0,0,0
134790,2024-10-24,"FLO","NYR",9,"NYR",0,1,0,0,0,0,0,0,51,31,20,60.8,4,0,0,2,0,100,0,0,1,3,52,58,25,29,13,15,13,14,2,4,4,8,0,29,32,11,5,0,0,0,0
134794,2024-10-25,"SJS","LAK",26,"SJS",0,1,0,0,0,0,0,0,58,31,27,53.4,6,2,33.3,2,0,100,0,0,2,3,62,56,26,30,11,12,13,25,4,11,8,19,1,39,24,13,9,0,0,0,0
134793,2024-10-25,"WPJ","SEA",143,"SEA",0,0,0,1,0,0,1,0.5,75,35,40,46.7,2,0,0,1,0,100,0,0,3,4,62,56,32,36,14,2,16,16,1,2,2,4,0,34,31,10,2,0,0,0,0
134787,2024-10-24,"STL","TOR",17,"STL",1,0,0,0,0,0,2,1,60,19,41,31.7,2,1,50,4,0,100,0,0,5,1,43,85,27,41,8,20,23,8,5,10,3,6,0,24,21,15,4,0,0,0,0
134789,2024-10-24,"MIN","TBL",1,"TBL",0,1,0,0,0,0,0,0,52,23,29,44.2,1,0,0,4,1,75,1,0,2,4,54,46,25,18,8,11,16,21,4,8,1,2,0,14,29,24,7,0,0,0,0
134787,2024-10-24,"STL","TOR",12,"TOR",0,1,0,0,0,0,0,0,60,41,19,68.3,4,0,0,2,1,50,0,0,1,5,85,43,41,27,20,8,8,24,3,6,5,10,0,21,24,14,4,0,0,0,0
134792,2024-10-25,"COL","UTA",30,"UTA",0,1,0,0,0,0,0,0,57,41,16,71.9,3,0,0,4,2,50,0,0,1,5,59,42,26,26,13,5,10,20,4,8,3,6,0,15,27,19,5,0,0,0,0
134793,2024-10-25,"WPJ","SEA",2,"WPJ",1,0,1,0,0,0,2,0.5,75,40,35,53.3,1,0,0,2,0,100,0,0,4,3,56,62,36,32,2,14,15,18,2,4,1,2,0,31,34,12,6,0,0,0,0
134797,2024-10-26,"NSH","CHI",20,"CHI",0,1,0,0,0,0,0,0,62,26,36,41.9,5,0,0,5,1,80,0,1,2,3,61,64,29,34,16,14,16,16,6,15,6,15,1,10,21,12,8,0,0,0,0
134798,2024-10-26,"PIT","EDM",24,"EDM",1,0,0,0,0,0,2,1,47,27,20,57.4,2,1,50,2,0,100,0,0,4,0,90,56,50,27,20,11,17,20,3,9,3,9,1,11,21,11,7,0,0,0,0
134797,2024-10-26,"NSH","CHI",18,"NSH",1,0,0,0,0,0,2,1,62,36,26,58.1,5,1,20,5,0,100,1,0,3,2,64,61,34,29,14,16,16,16,6,15,6,15,1,21,10,9,7,0,0,0,0
134796,2024-10-25,"NYI","NJD",7,"NJD",0,0,0,1,0,0,1,0.5,56,21,35,37.5,2,0,0,4,1,75,0,0,3,4,68,56,35,30,16,12,11,17,5,13,3,9,1,27,32,17,8,0,0,0,0
134796,2024-10-25,"NYI","NJD",8,"NYI",1,0,1,0,0,0,2,0.5,56,35,21,62.5,4,1,25,2,0,100,0,0,4,3,56,68,30,35,12,16,15,14,3,9,5,13,1,32,27,8,4,0,0,0,0
134795,2024-10-25,"OTT","VGK",13,"OTT",0,1,0,0,0,0,0,0,71,33,38,46.5,2,1,50,2,1,50,0,0,4,6,69,58,39,28,17,10,20,13,2,4,2,4,0,28,32,12,2,0,0,0,0
134798,2024-10-26,"PIT","EDM",10,"PIT",0,1,0,0,0,0,0,0,47,20,27,42.6,2,0,0,2,1,50,0,0,0,4,56,90,27,50,11,20,19,18,3,9,3,9,1,21,11,14,6,0,0,0,0
134795,2024-10-25,"OTT","VGK",142,"VGK",1,0,0,0,0,0,2,1,71,38,33,53.5,2,1,50,2,1,50,0,0,6,4,58,69,28,39,10,17,12,20,2,4,2,4,0,32,28,20,1,0,0,0,0
134805,2024-10-26,"ANA","NYR",29,"ANA",0,1,0,0,0,0,0,0,56,28,28,50,1,0,0,1,0,100,0,0,1,2,62,72,33,32,13,19,18,16,2,4,2,4,0,19,26,16,8,0,0,0,0
134802,2024-10-26,"TOR","BOS",11,"BOS",1,0,1,0,0,0,2,0.5,58,23,35,39.7,5,1,20,3,0,100,0,0,4,3,65,59,34,23,12,17,19,19,4,8,5,12,0,20,27,11,6,0,0,0,0
134799,2024-10-26,"DET","BUF",15,"BUF",1,0,0,0,0,0,2,1,73,24,49,32.9,4,1,25,2,0,100,0,1,5,3,69,53,39,25,12,13,15,18,2,4,4,8,0,14,12,18,1,0,0,0,0
134806,2024-10-26,"WPJ","CGY",23,"CGY",0,1,0,0,0,0,0,0,73,39,34,53.4,4,0,0,4,2,50,0,1,3,5,74,65,29,35,23,10,18,22,7,22,6,12,0,31,18,17,7,0,0,0,0
134812,2024-10-27,"CAR","SEA",3,"CAR",1,0,0,0,0,0,2,1,61,28,33,45.9,6,1,16.7,3,0,100,0,0,4,1,93,34,39,19,31,9,6,23,3,6,5,12,0,13,25,15,7,0,0,0,0
134809,2024-10-27,"CHI","DAL",20,"CHI",0,1,0,0,0,0,0,0,52,27,25,51.9,3,0,0,3,1,66.7,0,0,2,4,56,68,24,30,19,15,22,13,3,6,3,6,0,29,9,11,3,0,0,0,0
134808,2024-10-27,"CBJ","NSH",19,"CBJ",0,0,0,1,0,0,1,0.5,57,28,29,49.1,2,0,0,2,0,100,0,0,3,4,54,68,28,33,11,18,15,15,3,6,3,6,0,25,39,19,6,0,0,0,0
134809,2024-10-27,"CHI","DAL",27,"DAL",1,0,0,0,0,0,2,1,52,25,27,48.1,3,1,33.3,3,0,100,0,0,4,2,68,56,30,24,15,19,13,23,3,6,3,6,0,9,29,7,3,0,0,0,0
134799,2024-10-26,"DET","BUF",16,"DET",0,1,0,0,0,0,0,0,73,49,24,67.1,2,0,0,4,1,75,1,0,3,5,53,69,25,39,13,12,17,15,4,8,2,4,0,12,14,27,4,0,0,0,0
134807,2024-10-26,"FLO","NYI",4,"FLO",1,0,0,0,0,0,2,1,67,28,39,41.8,2,1,50,3,0,100,0,0,6,3,58,60,28,28,18,20,12,12,3,6,2,4,0,20,23,10,5,0,0,0,0
134801,2024-10-26,"UTA","LAK",28,"LAK",1,0,0,0,0,0,2,1,60,24,36,40,3,1,33.3,3,0,100,0,0,3,2,46,55,23,25,10,14,15,13,3,6,3,6,0,26,20,14,3,0,0,0,0
134800,2024-10-26,"MIN","PHI",25,"MIN",0,1,0,0,0,0,0,0,55,27,28,49.1,4,1,25,2,1,50,0,1,5,7,66,48,26,23,16,13,12,24,3,6,5,10,0,9,24,16,5,0,0,0,0
134803,2024-10-26,"STL","MTL",14,"MTL",1,0,0,0,0,0,2,1,50,22,28,44,3,1,33.3,3,0,100,0,0,5,2,58,70,26,31,13,15,19,19,3,6,3,6,0,24,18,17,6,0,0,0,0
134808,2024-10-27,"CBJ","NSH",18,"NSH",1,0,1,0,0,0,2,0.5,57,29,28,50.9,2,0,0,2,0,100,0,0,4,3,68,54,33,28,18,11,14,17,3,6,3,6,0,39,25,18,8,0,0,0,0
134807,2024-10-26,"FLO","NYI",8,"NYI",0,1,0,0,0,0,0,0,67,39,28,58.2,3,0,0,2,1,50,0,0,3,6,60,58,28,28,20,18,11,12,2,4,3,6,0,23,20,14,7,0,0,0,0
134805,2024-10-26,"ANA","NYR",9,"NYR",1,0,0,0,0,0,2,1,56,28,28,50,1,0,0,1,0,100,0,0,2,1,72,62,32,33,19,13,15,21,2,4,2,4,0,26,19,10,8,0,0,0,0
134800,2024-10-26,"MIN","PHI",6,"PHI",1,0,0,0,0,0,2,1,55,28,27,50.9,2,1,50,4,1,75,1,0,7,5,48,66,23,26,13,16,22,12,5,10,3,6,0,24,9,15,4,0,0,0,0
134810,2024-10-27,"PIT","VAN",10,"PIT",0,1,0,0,0,0,0,0,56,24,32,42.9,2,0,0,3,0,100,0,0,3,4,49,62,24,34,13,14,13,12,2,6,2,4,0,16,24,14,4,0,0,0,0
134811,2024-10-27,"SJS","VGK",26,"SJS",0,1,0,0,0,0,0,0,53,26,27,49.1,2,0,0,4,1,75,0,1,3,7,56,74,26,42,14,14,16,16,4,8,2,4,0,35,17,7,6,0,0,0,0
134812,2024-10-27,"CAR","SEA",143,"SEA",0,1,0,0,0,0,0,0,61,33,28,54.1,3,0,0,6,1,83.3,0,0,1,4,34,93,19,39,9,31,23,6,5,12,3,6,0,25,13,15,5,0,0,0,0
134803,2024-10-26,"STL","MTL",17,"STL",0,1,0,0,0,0,0,0,50,28,22,56,3,0,0,3,1,66.7,0,0,2,5,70,58,31,26,15,13,16,24,3,6,3,6,0,18,24,19,5,0,0,0,0
134804,2024-10-26,"WSH","TBL",1,"TBL",1,0,0,0,0,0,2,1,60,25,35,41.7,3,0,0,2,0,100,0,0,3,0,53,66,21,32,13,14,19,19,4,11,5,13,1,12,30,14,7,0,0,0,0
134802,2024-10-26,"TOR","BOS",12,"TOR",0,0,0,1,0,0,1,0.5,58,35,23,60.3,3,0,0,5,1,80,0,0,3,4,59,65,23,34,17,12,18,19,5,12,4,8,0,27,20,12,7,0,0,0,0
134801,2024-10-26,"UTA","LAK",30,"UTA",0,1,0,0,0,0,0,0,60,36,24,60,3,0,0,3,1,66.7,0,0,2,3,55,46,25,23,14,10,13,16,3,6,3,6,0,20,26,16,7,0,0,0,0
134810,2024-10-27,"PIT","VAN",21,"VAN",1,0,0,0,0,0,2,1,56,32,24,57.1,3,0,0,2,0,100,0,0,4,3,62,49,34,24,14,13,9,14,2,4,2,6,0,24,16,13,7,0,0,0,0
134811,2024-10-27,"SJS","VGK",142,"VGK",1,0,0,0,0,0,2,1,53,27,26,50.9,4,1,25,2,0,100,1,0,7,3,74,56,42,26,14,14,13,18,2,4,4,8,0,17,35,12,6,0,0,0,0
134804,2024-10-26,"WSH","TBL",5,"WSH",0,1,0,0,0,0,0,0,60,35,25,58.3,2,0,0,3,0,100,0,0,0,3,66,53,32,21,14,13,16,20,5,13,4,11,1,30,12,15,3,0,0,0,0
134806,2024-10-26,"WPJ","CGY",2,"WPJ",1,0,0,0,0,0,2,1,73,34,39,46.6,4,2,50,4,0,100,1,0,5,3,65,74,35,29,10,23,17,20,6,12,7,22,0,18,31,15,6,0,0,0,0
134814,2024-10-27,"ANA","NJD",29,"ANA",0,1,0,0,0,0,0,0,63,24,39,38.1,2,0,0,1,1,0,0,0,2,6,48,64,26,34,10,17,13,12,3,9,4,11,1,20,24,17,2,0,0,0,0
134816,2024-10-28,"OTT","COL",22,"COL",1,0,0,0,0,0,2,1,54,25,29,46.3,1,0,0,1,0,100,0,0,5,4,74,56,32,30,17,16,8,25,1,2,1,2,0,20,38,14,4,0,0,0,0
134813,2024-10-27,"EDM","DET",16,"DET",0,0,0,1,0,0,1,0.5,58,35,23,60.3,1,0,0,2,0,100,0,0,2,3,51,70,26,34,11,13,20,14,3,9,2,7,1,23,11,11,1,0,0,0,0
134813,2024-10-27,"EDM","DET",24,"EDM",1,0,1,0,0,0,2,0.5,58,23,35,39.7,2,0,0,1,0,100,0,0,3,2,70,51,34,26,13,11,14,23,2,7,3,9,1,11,23,18,1,0,0,0,0
134815,2024-10-27,"MTL","PHI",14,"MTL",1,0,0,0,0,0,2,1,58,22,36,37.9,2,1,50,3,0,100,0,0,4,3,50,67,24,26,12,18,22,14,3,6,2,4,0,17,28,15,9,0,0,0,0
134814,2024-10-27,"ANA","NJD",7,"NJD",1,0,0,0,0,0,2,1,63,39,24,61.9,1,1,100,2,0,100,0,0,6,2,64,48,34,26,17,10,10,13,4,11,3,9,1,24,20,13,0,0,0,0,0
134816,2024-10-28,"OTT","COL",13,"OTT",0,1,0,0,0,0,0,0,54,29,25,53.7,1,0,0,1,0,100,0,0,4,5,56,74,30,32,16,17,23,10,1,2,1,2,0,38,20,15,4,0,0,0,0
134815,2024-10-27,"MTL","PHI",6,"PHI",0,1,0,0,0,0,0,0,58,36,22,62.1,3,0,0,2,1,50,0,0,3,4,67,50,26,24,18,12,12,23,2,4,3,6,0,28,17,22,9,0,0,0,0
134817,2024-10-28,"FLO","BUF",15,"BUF",0,1,0,0,0,0,0,0,62,40,22,64.5,3,1,33.3,4,2,50,0,0,2,5,54,53,28,31,14,8,14,12,6,12,5,10,0,24,19,9,5,0,0,0,0
134824,2024-10-29,"CGY","VGK",23,"CGY",0,1,0,0,0,0,0,0,64,27,37,42.2,1,0,0,2,0,100,0,0,0,5,59,69,16,38,16,6,23,27,2,4,1,2,0,23,10,18,11,0,0,0,0
134823,2024-10-29,"CAR","VAN",3,"CAR",1,0,1,0,0,0,2,0.5,54,26,28,48.1,3,0,0,3,0,100,0,0,4,3,51,50,32,27,11,11,12,8,3,6,3,6,0,23,28,13,3,0,0,0,0
134821,2024-10-29,"CHI","COL",20,"CHI",1,0,0,0,0,0,2,1,56,24,32,42.9,3,1,33.3,4,1,75,0,0,5,2,52,56,26,26,10,9,17,16,4,8,3,6,0,15,19,11,7,0,0,0,0
134821,2024-10-29,"CHI","COL",22,"COL",0,1,0,0,0,0,0,0,56,32,24,57.1,4,1,25,3,1,66.7,0,0,2,5,56,52,26,26,9,10,13,21,3,6,4,8,0,19,15,17,8,0,0,0,0
134819,2024-10-28,"EDM","CBJ",19,"CBJ",1,0,0,0,0,0,2,1,55,21,34,38.2,4,1,25,6,1,83.3,0,0,6,1,48,63,25,32,13,17,13,10,6,12,3,8,0,19,8,16,4,0,0,0,0
134819,2024-10-28,"EDM","CBJ",24,"EDM",0,1,0,0,0,0,0,0,55,34,21,61.8,6,1,16.7,4,1,75,0,0,1,6,63,48,32,25,17,13,9,14,3,8,6,12,0,8,19,17,4,0,0,0,0
134817,2024-10-28,"FLO","BUF",4,"FLO",1,0,0,0,0,0,2,1,62,22,40,35.5,4,2,50,3,1,66.7,0,0,5,2,53,54,31,28,8,14,11,14,5,10,6,12,0,19,24,13,6,0,0,0,0
134818,2024-10-28,"NSH","TBL",18,"NSH",0,0,0,1,0,0,1,0.5,64,32,32,50,4,1,25,3,0,100,0,0,2,3,59,65,37,27,9,16,21,13,3,6,4,8,0,33,13,14,1,0,0,0,0
134822,2024-10-29,"SJS","UTA",26,"SJS",1,0,1,0,0,0,2,0.5,72,33,39,45.8,4,1,25,2,0,100,0,0,5,4,79,56,45,23,16,17,14,18,3,9,5,13,1,29,21,9,6,0,0,0,0
134818,2024-10-28,"NSH","TBL",1,"TBL",1,0,1,0,0,0,2,0.5,64,32,32,50,3,0,0,4,1,75,0,0,3,2,65,59,27,37,16,9,13,22,4,8,3,6,0,13,33,11,1,0,0,0,0
134820,2024-10-28,"TOR","WPJ",12,"TOR",1,0,0,0,0,0,2,1,57,38,19,66.7,2,0,0,4,2,50,0,0,6,4,61,55,36,23,12,13,18,13,4,8,2,4,0,25,21,11,10,0,0,0,0
134822,2024-10-29,"SJS","UTA",30,"UTA",0,0,0,1,0,0,1,0.5,72,39,33,54.2,2,0,0,4,1,75,0,0,4,5,56,79,23,45,17,16,17,16,5,13,3,9,1,21,29,16,4,0,0,0,0
134823,2024-10-29,"CAR","VAN",21,"VAN",0,0,0,1,0,0,1,0.5,54,28,26,51.9,3,0,0,3,0,100,0,0,3,4,50,51,27,32,11,11,8,12,3,6,3,6,0,28,23,11,3,0,0,0,0
134824,2024-10-29,"CGY","VGK",142,"VGK",1,0,0,0,0,0,2,1,64,37,27,57.8,2,0,0,1,0,100,0,0,5,0,69,59,38,16,6,16,23,25,1,2,2,4,0,10,23,15,15,0,0,0,0
134820,2024-10-28,"TOR","WPJ",2,"WPJ",0,1,0,0,0,0,0,0,57,19,38,33.3,4,2,50,2,0,100,0,0,4,6,55,61,23,36,13,12,11,19,2,4,4,8,0,21,25,6,9,0,0,0,0
134829,2024-10-29,"ANA","NYI",29,"ANA",1,0,0,0,0,0,2,1,58,19,39,32.8,3,2,66.7,4,1,75,0,0,3,1,50,91,22,41,11,23,25,17,4,8,3,6,0,22,16,14,8,0,0,0,0
134825,2024-10-29,"PHI","BOS",11,"BOS",0,1,0,0,0,0,0,0,51,21,30,41.2,4,0,0,2,0,100,0,0,0,2,71,46,23,19,15,14,11,33,3,6,5,10,0,23,28,15,11,0,0,0,0
134831,2024-10-30,"LAK","SJS",28,"LAK",0,1,0,0,0,0,0,0,57,33,24,57.9,6,0,0,4,0,100,0,0,2,4,74,48,28,21,19,14,11,27,4,8,6,12,0,15,21,13,10,0,0,0,0
134830,2024-10-29,"MIN","PIT",25,"MIN",1,0,0,0,0,0,2,1,60,25,35,41.7,5,0,0,2,1,50,0,0,5,3,67,53,39,29,15,7,16,13,3,9,6,15,1,15,15,13,4,0,0,0,0
134826,2024-10-29,"SEA","MTL",14,"MTL",0,1,0,0,0,0,0,0,64,29,35,45.3,4,0,0,6,3,50,0,0,2,8,72,44,30,23,22,8,13,20,9,26,6,12,0,19,16,11,2,0,0,0,0
134829,2024-10-29,"ANA","NYI",8,"NYI",0,1,0,0,0,0,0,0,58,39,19,67.2,4,1,25,3,2,33.3,0,0,1,3,91,50,41,22,23,11,14,27,3,6,4,8,0,16,22,13,6,0,0,0,0
134828,2024-10-29,"NYR","WSH",9,"NYR",0,1,0,0,0,0,0,0,55,21,34,38.2,3,1,33.3,4,0,100,0,0,3,5,49,84,19,46,20,24,13,10,5,13,4,11,1,22,17,20,4,0,0,0,0
134827,2024-10-29,"STL","OTT",13,"OTT",1,0,0,0,0,0,2,1,58,34,24,58.6,3,2,66.7,4,1,75,0,0,8,1,64,57,35,27,12,11,18,17,6,12,5,10,0,21,31,9,2,0,0,0,0
134825,2024-10-29,"PHI","BOS",6,"PHI",1,0,0,0,0,0,2,1,51,30,21,58.8,2,0,0,4,0,100,0,0,2,0,46,71,19,23,14,15,28,13,5,10,3,6,0,28,23,14,8,0,0,0,0
134830,2024-10-29,"MIN","PIT",10,"PIT",0,1,0,0,0,0,0,0,60,35,25,58.3,2,1,50,5,0,100,0,0,3,5,53,67,29,39,7,15,11,17,6,15,3,9,1,15,15,17,3,0,0,0,0
134831,2024-10-30,"LAK","SJS",26,"SJS",1,0,0,0,0,0,2,1,57,24,33,42.1,4,0,0,6,0,100,0,0,4,2,48,74,21,28,14,19,24,13,6,12,4,8,0,21,15,12,6,0,0,0,0
134826,2024-10-29,"SEA","MTL",143,"SEA",1,0,0,0,0,0,2,1,64,35,29,54.7,6,3,50,4,0,100,0,0,8,2,44,72,23,30,8,22,17,13,6,12,9,26,0,16,19,13,4,0,0,0,0
134827,2024-10-29,"STL","OTT",17,"STL",0,1,0,0,0,0,0,0,58,24,34,41.4,4,1,25,3,2,33.3,0,0,1,8,57,64,27,35,11,12,13,19,5,10,6,12,0,31,21,23,4,0,0,0,0
134828,2024-10-29,"NYR","WSH",5,"WSH",1,0,0,0,0,0,2,1,55,34,21,61.8,4,0,0,3,1,66.7,0,0,5,3,84,49,46,19,24,20,10,14,4,11,5,13,1,17,22,10,3,0,0,0,0
134835,2024-10-31,"CGY","UTA",23,"CGY",0,1,0,0,0,0,0,0,66,27,39,40.9,3,0,0,4,2,50,0,0,1,5,51,67,31,28,7,17,21,13,5,10,4,8,0,30,15,20,4,0,0,0,0
134834,2024-10-31,"TBL","COL",22,"COL",0,1,0,0,0,0,0,0,47,19,28,40.4,4,1,25,3,0,100,0,0,2,5,69,46,35,21,13,13,11,21,6,26,7,17,1,24,12,9,1,0,0,0,0
134832,2024-10-30,"NYI","CBJ",19,"CBJ",1,0,0,0,0,0,2,1,45,18,27,40,0,0,0,1,0,100,0,0,2,0,52,75,26,26,14,26,20,12,1,2,0,0,0,18,23,16,3,0,0,0,0
134833,2024-10-30,"WPJ","DET",16,"DET",0,1,0,0,0,0,0,0,54,21,33,38.9,3,2,66.7,2,1,50,0,0,2,6,51,51,21,29,13,14,6,17,2,4,3,6,0,31,10,17,8,0,0,0,0
134837,2024-10-31,"VGK","LAK",28,"LAK",1,0,0,0,0,0,2,1,56,28,28,50,1,1,100,3,1,66.7,0,0,6,3,49,53,27,26,14,16,10,8,5,13,3,9,1,27,21,8,6,0,0,0,0
134836,2024-10-31,"NJD","VAN",7,"NJD",1,0,0,0,0,0,2,1,57,28,29,49.1,2,1,50,4,0,100,1,0,6,0,55,55,22,20,17,19,15,16,5,15,4,11,1,20,43,15,8,0,0,0,0
134832,2024-10-30,"NYI","CBJ",8,"NYI",0,1,0,0,0,0,0,0,45,27,18,60,1,0,0,0,0,0,0,0,0,2,75,52,26,26,26,14,12,23,0,0,1,2,0,23,18,23,10,0,0,0,0
134834,2024-10-31,"TBL","COL",1,"TBL",1,0,0,0,0,0,2,1,47,28,19,59.6,3,0,0,4,1,75,0,0,5,2,46,69,21,35,13,13,17,12,7,17,6,26,1,12,24,18,2,0,0,0,0
134835,2024-10-31,"CGY","UTA",30,"UTA",1,0,0,0,0,0,2,1,66,39,27,59.1,4,2,50,3,0,100,0,0,5,1,67,51,28,31,17,7,12,22,4,8,5,10,0,15,30,17,9,0,0,0,0
134836,2024-10-31,"NJD","VAN",21,"VAN",0,1,0,0,0,0,0,0,57,29,28,50.9,4,0,0,2,1,50,0,1,0,6,55,55,20,22,19,17,14,16,4,11,5,15,1,43,20,7,5,0,0,0,0
134837,2024-10-31,"VGK","LAK",142,"VGK",0,1,0,0,0,0,0,0,56,28,28,50,3,1,33.3,1,1,0,0,0,3,6,53,49,26,27,16,14,7,11,3,9,5,13,1,21,27,16,11,0,0,0,0
134833,2024-10-30,"WPJ","DET",2,"WPJ",1,0,0,0,0,0,2,1,54,33,21,61.1,2,1,50,3,2,33.3,0,0,6,2,51,51,29,21,14,13,17,8,3,6,2,4,0,10,31,13,3,0,0,0,0
134840,2024-10-31,"ANA","PIT",29,"ANA",0,0,0,1,0,0,1,0.5,57,27,30,47.4,2,0,0,3,0,100,0,0,1,2,51,98,23,46,13,23,26,15,3,6,2,4,0,27,17,23,7,0,0,0,0
134842,2024-10-31,"BOS","CAR",11,"BOS",0,1,0,0,0,0,0,0,73,41,32,56.2,5,1,20,5,3,40,0,0,2,8,33,66,15,37,9,14,13,9,5,10,4,10,0,32,12,13,6,0,0,0,0
134842,2024-10-31,"BOS","CAR",3,"CAR",1,0,0,0,0,0,2,1,73,32,41,43.8,5,3,60,5,1,80,0,0,8,2,66,33,37,15,14,9,7,15,4,10,5,10,0,12,32,21,11,0,0,0,0
134844,2024-11-01,"CHI","SJS",20,"CHI",0,1,0,0,0,0,0,0,41,16,25,39,3,0,0,1,1,0,0,0,2,3,72,48,28,29,16,9,9,28,1,2,3,6,0,13,20,13,7,0,0,0,0
134843,2024-11-01,"EDM","NSH",24,"EDM",1,0,0,0,0,0,2,1,50,27,23,54,1,0,0,3,1,66.7,0,0,5,1,54,57,29,27,12,10,19,13,5,16,3,12,2,20,30,10,7,0,0,0,0
134841,2024-10-31,"MTL","WSH",14,"MTL",0,1,0,0,0,0,0,0,59,36,23,61,6,1,16.7,5,1,80,0,0,3,6,51,85,16,34,11,24,24,24,6,15,7,17,1,23,22,24,3,0,0,0,0
134843,2024-11-01,"EDM","NSH",18,"NSH",0,1,0,0,0,0,0,0,50,23,27,46,3,1,33.3,1,0,100,0,0,1,5,57,54,27,29,10,12,11,20,3,12,5,16,2,30,20,9,5,0,0,0,0
134839,2024-10-31,"STL","PHI",6,"PHI",1,0,0,0,0,0,2,1,43,23,20,53.5,3,0,0,2,0,100,0,0,2,1,51,66,21,21,15,17,24,15,2,4,3,6,0,10,24,10,8,0,0,0,0
134840,2024-10-31,"ANA","PIT",10,"PIT",1,0,1,0,0,0,2,0.5,57,30,27,52.6,3,0,0,2,0,100,0,0,2,1,98,51,46,23,23,13,13,29,2,4,3,6,0,17,27,11,2,0,0,0,0
134844,2024-11-01,"CHI","SJS",26,"SJS",1,0,0,0,0,0,2,1,41,25,16,61,1,1,100,3,0,100,0,0,3,2,48,72,29,28,9,16,26,10,3,6,1,2,0,20,13,13,7,0,0,0,0
134838,2024-10-31,"SEA","TOR",143,"SEA",0,1,0,0,0,0,0,0,54,24,30,44.4,3,0,0,2,0,100,0,0,1,4,52,62,25,30,11,10,22,16,2,4,3,6,0,30,34,18,5,0,0,0,0
134839,2024-10-31,"STL","PHI",17,"STL",0,1,0,0,0,0,0,0,43,20,23,46.5,2,0,0,3,0,100,0,0,1,2,66,51,21,21,17,15,14,28,3,6,2,4,0,24,10,8,4,0,0,0,0
134838,2024-10-31,"SEA","TOR",12,"TOR",1,0,0,0,0,0,2,1,54,30,24,55.6,2,0,0,3,0,100,0,0,4,1,62,52,30,25,10,11,15,22,3,6,2,4,0,34,30,22,6,0,0,0,0
134841,2024-10-31,"MTL","WSH",5,"WSH",1,0,0,0,0,0,2,1,59,23,36,39,5,1,20,6,1,83.3,0,0,6,3,85,51,34,16,24,11,22,27,7,17,6,15,1,22,23,14,3,0,0,0,0
134846,2024-11-01,"NYI","BUF",15,"BUF",0,1,0,0,0,0,0,0,57,26,31,45.6,4,1,25,4,1,75,0,0,3,4,73,56,35,36,15,11,9,23,6,15,7,17,1,18,18,9,4,0,0,0,0
134850,2024-11-02,"NJD","CGY",23,"CGY",0,0,0,0,0,0,0,0,66,35,31,53,4,0,0,3,0,100,0,0,3,0,59,50,32,22,11,7,18,17,5,13,7,25,1,30,21,14,5,0,0,0,0
134848,2024-11-01,"WPJ","CBJ",19,"CBJ",0,1,0,0,0,0,0,0,58,30,28,51.7,2,1,50,2,1,50,0,0,2,6,45,72,22,44,10,14,13,13,2,4,2,4,0,20,17,17,5,0,0,0,0
134845,2024-11-01,"FLO","DAL",27,"DAL",0,1,0,0,0,0,0,0,66,31,35,47,3,0,0,2,1,50,0,1,4,6,63,57,36,28,13,10,18,14,3,6,4,8,0,21,17,19,7,0,0,0,0
134845,2024-11-01,"FLO","DAL",4,"FLO",1,0,0,0,0,0,2,1,66,35,31,53,2,1,50,3,0,100,1,0,6,4,57,63,28,36,10,13,12,19,4,8,3,6,0,17,21,14,8,0,0,0,0
134849,2024-11-02,"TBL","MIN",25,"MIN",1,0,0,0,0,0,2,1,54,25,29,46.3,2,0,0,4,2,50,0,0,5,3,53,57,22,30,19,6,18,12,5,13,3,9,1,22,11,14,5,0,0,0,0
134850,2024-11-02,"NJD","CGY",7,"NJD",0,0,0,0,0,0,0,0,66,31,35,47,3,0,0,4,0,100,0,0,0,3,50,59,22,32,7,11,15,20,7,25,5,13,1,22,30,19,5,0,0,0,0
134846,2024-11-01,"NYI","BUF",8,"NYI",1,0,0,0,0,0,2,1,57,31,26,54.4,4,1,25,4,1,75,0,0,4,3,56,73,36,35,11,15,23,9,7,15,6,15,1,18,18,12,3,0,0,0,0
134847,2024-11-01,"OTT","NYR",9,"NYR",1,0,0,0,0,0,2,1,59,32,27,54.2,2,1,50,5,0,100,0,0,2,1,34,89,18,41,8,23,23,8,5,10,2,4,0,28,28,24,3,0,0,0,0
134847,2024-11-01,"OTT","NYR",13,"OTT",0,1,0,0,0,0,0,0,59,27,32,45.8,5,0,0,2,1,50,0,0,1,2,89,34,41,18,23,8,8,25,2,4,5,10,0,28,28,22,5,0,0,0,0
134849,2024-11-02,"TBL","MIN",1,"TBL",0,1,0,0,0,0,0,0,54,29,25,53.7,4,2,50,2,0,100,0,0,3,5,57,53,30,22,6,19,10,21,3,9,5,13,1,11,22,7,3,0,0,0,0
134848,2024-11-01,"WPJ","CBJ",2,"WPJ",1,0,0,0,0,0,2,1,58,28,30,48.3,2,1,50,2,1,50,0,0,6,2,72,45,44,22,14,10,11,14,2,4,2,4,0,17,20,12,8,0,0,0,0
134852,2024-11-02,"BOS","PHI",11,"BOS",1,0,0,0,0,0,2,1,45,24,21,53.3,2,0,0,3,0,100,0,0,3,0,66,47,31,20,13,8,18,22,7,14,6,12,0,22,30,11,6,0,0,0,0
134856,2024-11-02,"BUF","DET",15,"BUF",0,1,0,0,0,0,0,0,58,23,35,39.7,2,0,0,4,2,50,1,0,1,2,71,57,32,23,19,16,18,20,4,8,2,4,0,17,11,13,5,0,0,0,0
134853,2024-11-02,"CHI","LAK",20,"CHI",1,0,0,0,1,0,2,0.5,55,19,36,34.5,2,0,0,3,1,66.7,0,0,4,3,43,73,21,40,9,14,17,13,4,11,3,9,1,25,24,12,3,3,3,3,2
134859,2024-11-03,"COL","NSH",22,"COL",0,1,0,0,0,0,0,0,63,31,32,49.2,4,1,25,2,2,0,0,0,2,5,66,56,30,25,10,15,15,26,3,6,4,8,0,26,23,23,11,0,0,0,0
134854,2024-11-02,"CBJ","WSH",19,"CBJ",0,1,0,0,0,0,0,0,63,38,25,60.3,3,0,0,1,0,100,0,0,2,7,87,46,36,22,19,11,10,32,1,2,3,6,0,17,14,14,10,0,0,0,0
134851,2024-11-02,"DAL","FLO",27,"DAL",0,1,0,0,0,0,0,0,54,29,25,53.7,4,1,25,4,1,75,0,0,2,4,61,38,25,25,16,7,6,20,6,15,6,15,1,26,22,32,5,0,0,0,0
134856,2024-11-02,"BUF","DET",16,"DET",1,0,0,0,0,0,2,1,58,35,23,60.3,4,2,50,2,0,100,0,1,2,1,57,71,23,32,16,19,16,18,2,4,4,8,0,11,17,15,4,0,0,0,0
134851,2024-11-02,"DAL","FLO",4,"FLO",1,0,0,0,0,0,2,1,54,25,29,46.3,4,1,25,4,1,75,0,0,4,2,38,61,25,25,7,16,16,6,6,15,6,15,1,22,26,16,8,0,0,0,0
134853,2024-11-02,"CHI","LAK",28,"LAK",0,0,0,1,0,1,1,0.25,55,36,19,65.5,3,1,33.3,2,0,100,0,0,3,3,73,43,40,21,14,9,13,19,3,9,4,11,1,24,25,13,6,3,3,2,3
134857,2024-11-02,"MTL","PIT",14,"MTL",0,1,0,0,0,0,0,0,49,21,28,42.9,2,0,0,2,1,50,0,0,1,3,56,63,26,24,8,13,24,22,5,13,4,11,1,28,19,20,4,0,0,0,0
134859,2024-11-03,"COL","NSH",18,"NSH",1,0,0,0,0,0,2,1,63,32,31,50.8,2,2,100,4,1,75,0,0,5,2,56,66,25,30,15,10,25,16,4,8,3,6,0,23,26,16,4,0,0,0,0
134855,2024-11-02,"SEA","OTT",13,"OTT",1,0,0,0,0,0,2,1,47,26,21,55.3,3,0,0,4,0,100,0,0,3,0,54,55,23,22,14,17,14,17,4,8,3,6,0,25,14,11,2,0,0,0,0
134852,2024-11-02,"BOS","PHI",6,"PHI",0,1,0,0,0,0,0,0,45,21,24,46.7,3,0,0,2,0,100,0,0,0,3,47,66,20,31,8,13,19,19,6,12,7,14,0,30,22,15,5,0,0,0,0
134857,2024-11-02,"MTL","PIT",10,"PIT",1,0,0,0,0,0,2,1,49,28,21,57.1,2,1,50,2,0,100,0,0,3,1,63,56,24,26,13,8,19,26,4,11,5,13,1,19,28,15,5,0,0,0,0
134861,2024-11-03,"VAN","SJS",26,"SJS",0,1,0,0,0,0,0,0,39,20,19,51.3,2,0,0,2,0,100,0,0,2,3,49,71,23,27,13,22,22,13,2,4,2,4,0,21,24,17,6,0,0,0,0
134855,2024-11-02,"SEA","OTT",143,"SEA",0,1,0,0,0,0,0,0,47,21,26,44.7,4,0,0,3,0,100,0,0,0,3,55,54,22,23,17,14,15,16,3,6,4,8,0,14,25,16,5,0,0,0,0
134858,2024-11-02,"TOR","STL",17,"STL",1,0,0,0,0,0,2,1,49,17,32,34.7,4,0,0,4,0,100,0,0,4,2,46,69,24,37,8,13,17,14,7,20,7,20,2,17,18,14,3,0,0,0,0
134858,2024-11-02,"TOR","STL",12,"TOR",0,1,0,0,0,0,0,0,49,32,17,65.3,4,0,0,4,0,100,0,0,2,4,69,46,37,24,13,8,13,19,7,20,7,20,2,18,17,11,7,0,0,0,0
134860,2024-11-03,"UTA","VGK",30,"UTA",0,0,0,1,0,0,1,0.5,51,27,24,52.9,0,0,0,1,0,100,0,0,3,4,51,57,19,35,15,12,9,17,2,7,1,5,1,21,22,13,8,0,0,0,0
134861,2024-11-03,"VAN","SJS",21,"VAN",1,0,0,0,0,0,2,1,39,19,20,48.7,2,0,0,2,0,100,0,0,3,2,71,49,27,23,22,13,13,22,2,4,2,4,0,24,21,25,5,0,0,0,0
134860,2024-11-03,"UTA","VGK",142,"VGK",1,0,1,0,0,0,2,0.5,51,24,27,47.1,1,0,0,0,0,0,0,0,4,3,57,51,35,19,12,15,14,10,1,5,2,7,1,22,21,13,10,0,0,0,0
134854,2024-11-02,"CBJ","WSH",5,"WSH",1,0,0,0,0,0,2,1,63,25,38,39.7,1,0,0,3,0,100,0,0,7,2,46,87,22,36,11,19,30,13,3,6,1,2,0,14,17,21,4,0,0,0,0
134868,2024-11-04,"CHI","ANA",29,"ANA",0,1,0,0,0,0,0,0,53,27,26,50.9,5,1,20,2,2,0,0,0,2,4,92,47,39,29,23,10,7,30,3,9,7,25,1,15,5,16,6,0,0,0,0
134864,2024-11-03,"SEA","BOS",11,"BOS",1,0,0,0,0,0,2,1,60,38,22,63.3,5,1,20,3,0,100,0,0,2,0,69,66,33,23,20,14,27,16,4,11,6,15,1,15,18,16,5,0,0,0,0
134867,2024-11-04,"EDM","CGY",23,"CGY",0,1,0,0,0,0,0,0,62,33,29,53.2,2,1,50,3,1,66.7,0,0,2,4,71,53,31,31,12,7,15,28,4,8,3,6,0,13,19,23,4,0,0,0,0
134865,2024-11-03,"WSH","CAR",3,"CAR",1,0,0,0,0,0,2,1,62,31,31,50,3,0,0,4,1,75,0,0,4,2,77,44,45,21,16,10,11,16,4,8,3,6,0,10,20,15,7,0,0,0,0
134868,2024-11-04,"CHI","ANA",20,"CHI",1,0,0,0,0,0,2,1,53,26,27,49.1,2,2,100,5,1,80,0,0,4,2,47,92,29,39,10,23,26,8,7,25,3,9,1,5,15,12,6,0,0,0,0
134867,2024-11-04,"EDM","CGY",24,"EDM",1,0,0,0,0,0,2,1,62,29,33,46.8,3,1,33.3,2,1,50,0,0,4,2,53,71,31,31,7,12,25,15,3,6,4,8,0,19,13,10,2,0,0,0,0
134866,2024-11-03,"TOR","MIN",25,"MIN",1,0,1,0,0,0,2,0.5,47,23,24,48.9,3,0,0,2,1,50,0,0,2,1,72,48,33,28,15,9,8,24,3,6,4,8,0,22,30,15,7,0,0,0,0
134862,2024-11-03,"NYI","NYR",8,"NYI",0,1,0,0,0,0,0,0,61,35,26,57.4,5,0,0,3,1,66.7,0,1,2,5,68,56,37,40,13,5,10,18,3,6,5,10,0,17,19,23,12,0,0,0,0
134862,2024-11-03,"NYI","NYR",9,"NYR",1,0,0,0,0,0,2,1,61,26,35,42.6,3,1,33.3,5,0,100,1,0,5,2,56,68,40,37,5,13,18,11,5,10,3,6,0,19,17,14,10,0,0,0,0
134864,2024-11-03,"SEA","BOS",143,"SEA",0,1,0,0,0,0,0,0,60,22,38,36.7,3,0,0,5,1,80,0,0,0,2,66,69,23,33,14,20,15,29,6,15,4,11,1,18,15,19,4,0,0,0,0
134863,2024-11-03,"TBL","WPJ",1,"TBL",0,1,0,0,0,0,0,0,72,39,33,54.2,2,1,50,3,1,66.7,0,0,4,7,56,51,30,34,11,11,5,15,6,31,4,19,1,16,31,8,6,0,0,0,0
134866,2024-11-03,"TOR","MIN",12,"TOR",0,0,0,1,0,0,1,0.5,47,24,23,51.1,2,1,50,3,0,100,0,0,1,2,48,72,28,33,9,15,24,11,4,8,3,6,0,30,22,10,2,0,0,0,0
134865,2024-11-03,"WSH","CAR",5,"WSH",0,1,0,0,0,0,0,0,62,31,31,50,4,1,25,3,0,100,0,0,2,4,44,77,21,45,10,16,16,13,3,6,4,8,0,20,10,15,2,0,0,0,0
134863,2024-11-03,"TBL","WPJ",2,"WPJ",1,0,0,0,0,0,2,1,72,33,39,45.8,3,1,33.3,2,1,50,0,0,7,4,51,56,34,30,11,11,13,6,4,19,6,31,1,31,16,7,5,0,0,0,0
134870,2024-11-05,"NJD","EDM",24,"EDM",0,1,0,0,0,0,0,0,47,23,24,48.9,1,0,0,1,1,0,0,0,0,3,60,31,31,16,14,5,9,15,2,4,2,4,0,5,19,19,7,0,0,0,0
134869,2024-11-05,"LAK","NSH",28,"LAK",1,0,0,0,0,0,2,1,55,30,25,54.5,4,0,0,3,0,100,0,0,3,0,55,39,27,16,14,9,12,14,6,18,7,20,2,12,21,10,8,0,0,0,0
134869,2024-11-05,"LAK","NSH",18,"NSH",0,1,0,0,0,0,0,0,55,25,30,45.5,3,0,0,4,0,100,0,0,0,3,39,55,16,27,9,14,14,14,7,20,6,18,2,21,12,11,3,0,0,0,0
134870,2024-11-05,"NJD","EDM",7,"NJD",1,0,0,0,0,0,2,1,47,24,23,51.1,1,1,100,1,0,100,0,0,3,0,31,60,16,31,5,14,14,10,2,4,2,4,0,19,5,12,5,0,0,0,0
134880,2024-11-06,"VAN","ANA",29,"ANA",0,1,0,0,0,0,0,0,63,29,34,46,4,1,25,5,1,80,0,0,1,5,41,72,22,37,12,14,19,7,5,10,4,8,0,16,17,13,3,0,0,0,0
134872,2024-11-06,"BOS","TOR",11,"BOS",0,1,0,0,0,0,0,0,62,28,34,45.2,6,0,0,7,3,57.1,0,0,0,4,57,48,29,27,14,10,10,14,8,16,7,14,0,32,19,14,5,0,0,0,0
134871,2024-11-06,"OTT","BUF",15,"BUF",1,0,0,0,0,0,2,1,62,27,35,43.5,4,2,50,3,0,100,0,0,5,1,57,67,34,38,12,17,11,11,9,21,10,23,1,37,35,12,3,0,0,0,0
134873,2024-11-06,"CGY","MTL",23,"CGY",1,0,1,0,0,0,2,0.5,68,29,39,42.6,1,0,0,3,1,66.7,0,1,3,2,77,60,36,23,18,23,13,23,3,6,1,2,0,29,25,11,7,0,0,0,0
134874,2024-11-06,"PHI","CAR",3,"CAR",1,0,0,0,0,0,2,1,56,23,33,41.1,2,0,0,3,1,66.7,0,0,6,4,86,36,35,16,31,10,9,20,3,6,2,4,0,13,18,5,4,0,0,0,0
134879,2024-11-06,"SEA","COL",22,"COL",1,0,0,0,0,0,2,1,48,22,26,45.8,5,3,60,3,1,66.7,0,0,6,3,73,56,32,20,16,12,22,25,3,6,6,20,0,20,22,18,2,0,0,0,0
134881,2024-11-06,"CBJ","SJS",19,"CBJ",0,0,0,1,0,0,1,0.5,56,29,27,51.8,3,0,0,4,0,100,0,0,1,2,88,51,50,27,18,12,11,20,5,10,4,8,0,17,23,12,8,0,0,0,0
134877,2024-11-06,"LAK","MIN",28,"LAK",1,0,0,0,0,0,2,1,63,33,30,52.4,1,1,100,4,0,100,0,0,5,1,58,45,28,24,20,8,13,10,5,10,2,4,0,25,11,9,4,0,0,0,0
134877,2024-11-06,"LAK","MIN",25,"MIN",0,1,0,0,0,0,0,0,63,30,33,47.6,4,0,0,1,1,0,0,0,1,5,45,58,24,28,8,20,9,13,2,4,5,10,0,11,25,13,7,0,0,0,0
134873,2024-11-06,"CGY","MTL",14,"MTL",0,0,0,1,0,0,1,0.5,68,39,29,57.4,3,1,33.3,1,0,100,1,0,2,3,60,77,23,36,23,18,22,14,1,2,3,6,0,25,29,21,6,0,0,0,0
134875,2024-11-06,"PIT","NYI",8,"NYI",1,0,0,0,1,0,2,0.5,61,31,30,50.8,4,1,25,4,1,75,0,0,4,3,55,65,26,35,19,16,14,10,4,8,4,8,0,21,23,11,6,3,3,1,0
134871,2024-11-06,"OTT","BUF",13,"OTT",0,1,0,0,0,0,0,0,62,35,27,56.5,3,0,0,4,2,50,0,0,1,5,67,57,38,34,17,12,11,12,10,23,9,21,1,35,37,7,2,0,0,0,0
134874,2024-11-06,"PHI","CAR",6,"PHI",0,1,0,0,0,0,0,0,56,33,23,58.9,3,1,33.3,2,0,100,0,0,4,6,36,86,16,35,10,31,20,10,2,4,3,6,0,18,13,14,12,0,0,0,0
134875,2024-11-06,"PIT","NYI",10,"PIT",0,0,0,1,0,1,1,0.25,61,30,31,49.2,4,1,25,4,1,75,0,0,3,3,65,55,35,26,16,19,10,14,4,8,4,8,0,23,21,16,10,3,3,0,1
134881,2024-11-06,"CBJ","SJS",26,"SJS",1,0,1,0,0,0,2,0.5,56,27,29,48.2,4,0,0,3,0,100,0,0,2,1,51,88,27,50,12,18,16,12,4,8,5,10,0,23,17,8,3,0,0,0,0
134879,2024-11-06,"SEA","COL",143,"SEA",0,1,0,0,0,0,0,0,48,26,22,54.2,3,1,33.3,5,3,40,0,0,3,6,56,73,20,32,12,16,21,24,6,20,3,6,0,22,20,17,5,0,0,0,0
134876,2024-11-06,"TBL","STL",17,"STL",1,0,0,0,0,0,2,1,42,20,22,47.6,1,0,0,3,0,100,0,0,3,2,43,61,23,23,9,18,18,11,3,6,1,2,0,24,12,18,7,0,0,0,0
134876,2024-11-06,"TBL","STL",1,"TBL",0,1,0,0,0,0,0,0,42,22,20,52.4,3,0,0,1,0,100,0,0,2,3,61,43,23,23,18,9,11,20,1,2,3,6,0,12,24,8,6,0,0,0,0
134872,2024-11-06,"BOS","TOR",12,"TOR",1,0,0,0,0,0,2,1,62,34,28,54.8,7,3,42.9,6,0,100,0,0,4,0,48,57,27,29,10,14,12,11,7,14,8,16,0,19,32,9,4,0,0,0,0
134878,2024-11-06,"UTA","WPJ",30,"UTA",0,1,0,0,0,0,0,0,57,26,31,45.6,4,0,0,2,1,50,0,0,0,3,52,45,21,28,12,11,5,19,2,4,4,8,0,19,24,24,3,0,0,0,0
134880,2024-11-06,"VAN","ANA",21,"VAN",1,0,0,0,0,0,2,1,63,34,29,54,5,1,20,4,1,75,0,0,5,1,72,41,37,22,14,12,7,21,4,8,5,10,0,17,16,7,8,0,0,0,0
134878,2024-11-06,"UTA","WPJ",2,"WPJ",1,0,0,0,0,0,2,1,57,31,26,54.4,2,1,50,4,0,100,0,0,3,0,45,52,28,21,11,12,18,6,4,8,2,4,0,24,19,18,6,0,0,0,0
134883,2024-11-07,"DET","CHI",20,"CHI",0,1,0,0,0,0,0,0,53,28,25,52.8,2,0,0,2,0,100,0,0,1,4,58,55,29,25,12,15,15,17,2,4,2,4,0,22,7,18,5,0,0,0,0
134883,2024-11-07,"DET","CHI",16,"DET",1,0,0,0,0,0,2,1,53,25,28,47.2,2,0,0,2,0,100,0,0,4,1,55,58,25,29,15,12,15,15,2,4,2,4,0,7,22,18,7,0,0,0,0
134884,2024-11-07,"VGK","EDM",24,"EDM",0,1,0,0,0,0,0,0,57,29,28,50.9,1,0,0,2,1,50,0,0,2,4,58,53,29,35,11,10,8,18,2,4,1,2,0,29,16,9,8,0,0,0,0
134882,2024-11-07,"NSH","WSH",18,"NSH",0,1,0,0,0,0,0,0,63,33,30,52.4,2,0,0,6,0,100,0,0,2,3,77,72,35,36,23,15,20,19,6,12,2,4,0,34,34,12,7,0,0,0,0
134884,2024-11-07,"VGK","EDM",142,"VGK",1,0,0,0,0,0,2,1,57,28,29,49.1,2,1,50,1,0,100,0,0,4,2,53,58,35,29,10,11,14,8,1,2,2,4,0,16,29,3,1,0,0,0,0
134882,2024-11-07,"NSH","WSH",5,"WSH",1,0,0,0,0,0,2,1,63,30,33,47.6,6,0,0,2,0,100,0,0,3,2,72,77,36,35,15,23,19,21,2,4,6,12,0,34,34,19,6,0,0,0,0
134885,2024-11-08,"CGY","BOS",11,"BOS",1,0,1,0,0,0,2,0.5,62,33,29,53.2,2,0,0,3,1,66.7,0,0,4,3,65,61,38,37,10,10,12,17,5,10,4,8,0,22,12,21,10,0,0,0,0
134890,2024-11-08,"BUF","NYR",15,"BUF",1,0,0,0,0,0,2,1,54,28,26,51.9,4,1,25,4,0,100,0,0,6,1,39,66,22,26,5,16,21,12,4,8,4,8,0,17,34,21,5,0,0,0,0
134885,2024-11-08,"CGY","BOS",23,"CGY",0,0,0,1,0,0,1,0.5,62,29,33,46.8,3,1,33.3,2,0,100,0,0,3,4,61,65,37,38,10,10,17,14,4,8,5,10,0,12,22,23,7,0,0,0,0
134891,2024-11-08,"PIT","CAR",3,"CAR",1,0,0,0,0,0,2,1,57,30,27,52.6,1,0,0,4,0,100,0,0,5,1,43,75,18,36,12,19,18,13,3,8,1,2,0,11,28,10,7,0,0,0,0
134893,2024-11-08,"CHI","DAL",20,"CHI",0,1,0,0,0,0,0,0,56,16,40,28.6,3,1,33.3,3,0,100,0,0,1,3,47,79,26,40,7,13,22,14,3,6,3,6,0,39,15,16,6,0,0,0,0
134894,2024-11-08,"COL","WPJ",22,"COL",0,1,0,0,0,0,0,0,59,26,33,44.1,1,0,0,2,0,100,0,0,0,1,73,55,35,28,19,10,15,19,2,4,1,2,0,18,10,14,9,0,0,0,0
134893,2024-11-08,"CHI","DAL",27,"DAL",1,0,0,0,0,0,2,1,56,40,16,71.4,3,0,0,3,1,66.7,0,0,3,1,79,47,40,26,13,7,11,26,3,6,3,6,0,15,39,17,3,0,0,0,0
134888,2024-11-08,"NSH","FLO",4,"FLO",1,0,0,0,0,0,2,1,64,26,38,40.6,7,2,28.6,5,1,80,0,0,6,2,67,48,34,18,18,18,10,15,9,18,11,22,0,21,39,17,1,0,0,0,0
134895,2024-11-08,"VAN","LAK",28,"LAK",0,1,0,0,0,0,0,0,49,24,25,49,4,0,0,3,1,66.7,0,0,2,4,65,65,28,23,18,20,21,19,4,11,6,12,0,26,33,15,3,0,0,0,0
134896,2024-11-08,"MIN","SJS",25,"MIN",1,0,0,0,0,0,2,1,56,21,35,37.5,3,1,33.3,3,0,100,0,0,5,2,62,49,31,26,14,14,9,17,3,6,3,6,0,16,20,13,5,0,0,0,0
134889,2024-11-08,"MTL","NJD",14,"MTL",0,1,0,0,0,0,0,0,51,24,27,47.1,2,0,0,3,0,100,0,0,3,5,54,53,24,27,11,11,13,19,3,6,2,4,0,25,22,11,3,0,0,0,0
134888,2024-11-08,"NSH","FLO",18,"NSH",0,1,0,0,0,0,0,0,64,38,26,59.4,5,1,20,7,2,71.4,0,0,2,6,48,67,18,34,18,18,13,12,11,22,9,18,0,39,21,12,2,0,0,0,0
134889,2024-11-08,"MTL","NJD",7,"NJD",1,0,0,0,0,0,2,1,51,27,24,52.9,3,0,0,2,0,100,0,0,5,3,53,54,27,24,11,11,14,15,2,4,3,6,0,22,25,11,3,0,0,0,0
134886,2024-11-08,"NYI","OTT",8,"NYI",1,0,0,0,0,0,2,1,55,28,27,50.9,2,0,0,3,1,66.7,0,0,4,2,45,69,25,30,5,13,22,15,4,8,3,6,0,20,31,17,4,0,0,0,0
134890,2024-11-08,"BUF","NYR",9,"NYR",0,1,0,0,0,0,0,0,54,26,28,48.1,4,0,0,4,1,75,0,0,1,6,66,39,26,22,16,5,10,24,4,8,4,8,0,34,17,10,5,0,0,0,0
134886,2024-11-08,"NYI","OTT",13,"OTT",0,1,0,0,0,0,0,0,55,27,28,49.1,3,1,33.3,2,0,100,0,0,2,4,69,45,30,25,13,5,15,26,3,6,4,8,0,31,20,21,13,0,0,0,0
134887,2024-11-08,"PHI","TBL",6,"PHI",1,0,0,0,1,0,2,0.5,41,21,20,51.2,2,0,0,2,0,100,0,0,2,1,55,60,31,23,10,18,16,14,2,4,2,4,0,23,14,20,10,2,2,2,0
134891,2024-11-08,"PIT","CAR",10,"PIT",0,1,0,0,0,0,0,0,57,27,30,47.4,4,0,0,1,0,100,0,0,1,5,75,43,36,18,19,12,12,20,1,2,3,8,0,28,11,8,7,0,0,0,0
134896,2024-11-08,"MIN","SJS",26,"SJS",0,1,0,0,0,0,0,0,56,35,21,62.5,3,0,0,3,1,66.7,0,0,2,5,49,62,26,31,14,14,17,9,3,6,3,6,0,20,16,18,5,0,0,0,0
134892,2024-11-08,"UTA","STL",17,"STL",0,1,0,0,0,0,0,0,62,25,37,40.3,3,0,0,2,0,100,0,0,2,4,41,64,15,31,6,13,18,20,5,21,5,24,1,30,21,15,3,0,0,0,0
134887,2024-11-08,"PHI","TBL",1,"TBL",0,0,0,1,0,1,1,0.25,41,20,21,48.8,2,0,0,2,0,100,0,0,1,1,60,55,23,31,18,10,13,19,2,4,2,4,0,14,23,29,4,2,2,0,2
134892,2024-11-08,"UTA","STL",30,"UTA",1,0,0,0,0,0,2,1,62,37,25,59.7,2,0,0,3,0,100,0,0,4,2,64,41,31,15,13,6,17,20,5,24,5,21,1,21,30,16,5,0,0,0,0
134895,2024-11-08,"VAN","LAK",21,"VAN",1,0,0,0,0,0,2,1,49,25,24,51,3,1,33.3,4,0,100,0,0,4,2,65,65,23,28,20,18,18,21,6,12,4,16,0,33,26,11,4,0,0,0,0
134894,2024-11-08,"COL","WPJ",2,"WPJ",1,0,0,0,0,0,2,1,59,33,26,55.9,2,0,0,1,0,100,0,0,1,0,55,73,28,35,10,19,15,17,1,2,2,4,0,10,18,12,5,0,0,0,0
134899,2024-11-09,"MIN","ANA",29,"ANA",0,1,0,0,0,0,0,0,48,20,28,41.7,6,0,0,2,1,50,0,0,2,5,86,58,35,31,28,9,18,23,5,10,8,18,0,21,9,12,2,0,0,0,0
134897,2024-11-09,"DET","TOR",16,"DET",0,1,0,0,0,0,0,0,51,29,22,56.9,3,1,33.3,2,2,0,0,0,1,3,56,50,22,20,12,12,18,22,2,4,3,6,0,14,23,15,6,0,0,0,0
134899,2024-11-09,"MIN","ANA",25,"MIN",1,0,0,0,0,0,2,1,48,28,20,58.3,2,1,50,6,0,100,0,0,5,2,58,86,31,35,9,28,21,18,8,16,5,10,0,9,21,20,5,0,0,0,0
134898,2024-11-09,"PIT","WSH",10,"PIT",1,0,0,0,0,0,2,1,59,28,31,47.5,2,0,0,3,0,100,0,0,4,2,64,71,32,34,13,16,18,19,3,6,2,4,0,19,20,21,10,0,0,0,0
134900,2024-11-09,"VGK","SEA",143,"SEA",1,0,1,0,0,0,2,0.5,54,28,26,51.9,1,0,0,4,1,75,0,0,4,3,53,52,32,24,11,12,16,10,4,8,1,2,0,31,26,7,10,0,0,0,0
134897,2024-11-09,"DET","TOR",12,"TOR",1,0,0,0,0,0,2,1,51,22,29,43.1,2,2,100,3,1,66.7,0,0,3,1,50,56,20,22,12,12,20,18,3,6,2,4,0,23,14,18,2,0,0,0,0
134900,2024-11-09,"VGK","SEA",142,"VGK",0,0,0,1,0,0,1,0.5,54,26,28,48.1,4,1,25,1,0,100,0,0,3,4,52,53,24,32,12,11,10,16,1,2,4,8,0,26,31,11,7,0,0,0,0
134898,2024-11-09,"PIT","WSH",5,"WSH",0,1,0,0,0,0,0,0,59,31,28,52.5,3,0,0,2,0,100,0,0,2,4,71,64,34,32,16,13,16,21,2,4,3,6,0,20,19,10,1,0,0,0,0
134903,2024-11-10,"OTT","BOS",11,"BOS",0,0,0,1,0,0,1,0.5,51,24,27,47.1,2,0,0,3,1,66.7,0,0,2,3,37,66,16,34,7,14,16,14,3,6,2,4,0,42,35,21,3,0,0,0,0
134901,2024-11-09,"CGY","BUF",15,"BUF",1,0,0,0,1,0,2,0.5,65,39,26,60,2,1,50,3,0,100,0,0,3,2,51,62,19,26,16,16,19,16,4,8,3,6,0,18,20,13,7,3,3,1,0
134901,2024-11-09,"CGY","BUF",23,"CGY",0,0,0,1,0,1,1,0.25,65,26,39,40,3,0,0,2,1,50,0,0,2,2,62,51,26,19,16,16,15,20,3,6,4,8,0,20,18,12,3,3,3,0,1
134910,2024-11-10,"CAR","COL",3,"CAR",0,1,0,0,0,0,0,0,67,40,27,59.7,4,1,25,5,1,80,0,1,4,6,59,56,31,29,17,13,13,11,5,10,4,8,0,16,7,8,1,0,0,0,0
134910,2024-11-10,"CAR","COL",22,"COL",1,0,0,0,0,0,2,1,67,27,40,40.3,5,1,20,4,1,75,1,0,6,4,56,59,29,31,13,17,10,14,4,8,5,10,0,7,16,9,9,0,0,0,0
134911,2024-11-10,"CBJ","LAK",19,"CBJ",0,1,0,0,0,0,0,0,58,25,33,43.1,3,1,33.3,4,1,75,0,1,2,5,60,52,26,23,11,15,12,23,5,13,4,11,1,16,8,10,4,0,0,0,0
134907,2024-11-09,"DAL","WPJ",27,"DAL",0,1,0,0,0,0,0,0,52,28,24,53.8,4,0,0,5,2,60,0,0,1,4,72,50,33,25,21,16,9,18,8,27,6,15,1,18,18,15,5,0,0,0,0
134905,2024-11-10,"NYR","DET",16,"DET",0,1,0,0,0,0,0,0,58,32,26,55.2,2,0,0,2,1,50,0,0,0,4,83,50,37,24,23,12,14,23,2,4,2,4,0,5,25,20,3,0,0,0,0
134912,2024-11-10,"EDM","VAN",24,"EDM",1,0,0,0,0,0,2,1,60,28,32,46.7,3,1,33.3,2,1,50,0,0,7,3,57,40,31,20,14,12,8,12,2,4,3,6,0,10,34,19,3,0,0,0,0
134902,2024-11-09,"PHI","FLO",4,"FLO",1,0,0,0,1,0,2,0.5,61,34,27,55.7,2,0,0,2,0,100,0,0,4,3,69,55,31,37,21,10,7,17,3,6,3,6,0,16,23,15,3,5,5,2,1
134911,2024-11-10,"CBJ","LAK",28,"LAK",1,0,0,0,0,0,2,1,58,33,25,56.9,4,1,25,3,1,66.7,1,0,5,2,52,60,23,26,15,11,22,14,4,11,5,13,1,8,16,14,5,0,0,0,0
134904,2024-11-10,"MTL","TOR",14,"MTL",0,1,0,0,0,0,0,0,62,27,35,43.5,2,1,50,4,2,50,0,1,1,4,59,44,21,27,14,10,7,24,5,10,3,6,0,20,24,12,6,0,0,0,0
134909,2024-11-10,"UTA","NSH",18,"NSH",1,0,0,0,0,0,2,1,48,27,21,56.2,4,2,50,2,0,100,0,0,4,0,41,58,21,26,11,17,12,9,3,9,4,13,1,35,18,10,7,0,0,0,0
134908,2024-11-10,"NJD","NYI",7,"NJD",1,0,1,0,0,0,2,0.5,54,24,30,44.4,2,1,50,0,0,0,0,0,4,3,63,47,33,22,15,15,10,15,0,0,2,4,0,24,34,11,14,0,0,0,0
134908,2024-11-10,"NJD","NYI",8,"NYI",0,0,0,1,0,0,1,0.5,54,30,24,55.6,0,0,0,2,1,50,0,0,3,4,47,63,22,33,15,15,13,10,2,4,0,0,0,34,24,16,8,0,0,0,0
134905,2024-11-10,"NYR","DET",9,"NYR",1,0,0,0,0,0,2,1,58,26,32,44.8,2,1,50,2,0,100,0,0,4,0,50,83,24,37,12,23,22,14,2,4,2,4,0,25,5,20,2,0,0,0,0
134903,2024-11-10,"OTT","BOS",13,"OTT",1,0,1,0,0,0,2,0.5,51,27,24,52.9,3,1,33.3,2,0,100,0,0,3,2,66,37,34,16,14,7,13,18,2,4,3,6,0,35,42,15,6,0,0,0,0
134902,2024-11-09,"PHI","FLO",6,"PHI",0,0,0,1,0,1,1,0.25,61,27,34,44.3,2,0,0,2,0,100,0,0,3,3,55,69,37,31,10,21,16,8,3,6,3,6,0,23,16,10,6,5,5,1,2
134906,2024-11-10,"WSH","STL",17,"STL",0,1,0,0,0,0,0,0,52,28,24,53.8,3,0,0,2,2,0,0,0,1,8,56,50,25,27,10,16,7,21,3,6,4,8,0,25,18,21,3,0,0,0,0
134904,2024-11-10,"MTL","TOR",12,"TOR",1,0,0,0,0,0,2,1,62,35,27,56.5,4,2,50,2,1,50,1,0,4,1,44,59,27,21,10,14,21,7,3,6,5,10,0,24,20,12,4,0,0,0,0
134909,2024-11-10,"UTA","NSH",30,"UTA",0,1,0,0,0,0,0,0,48,21,27,43.8,2,0,0,4,2,50,0,0,0,4,58,41,26,21,17,11,9,15,4,13,3,9,1,18,35,17,7,0,0,0,0
134912,2024-11-10,"EDM","VAN",21,"VAN",0,1,0,0,0,0,0,0,60,32,28,53.3,2,1,50,3,1,66.7,0,0,3,7,40,57,20,31,12,14,11,8,3,6,2,4,0,34,10,13,4,0,0,0,0
134906,2024-11-10,"WSH","STL",5,"WSH",1,0,0,0,0,0,2,1,52,24,28,46.2,2,2,100,3,0,100,0,0,8,1,50,56,27,25,16,10,18,7,4,8,3,6,0,18,25,22,1,0,0,0,0
134907,2024-11-09,"DAL","WPJ",2,"WPJ",1,0,0,0,0,0,2,1,52,24,28,46.2,5,2,40,4,0,100,0,0,4,1,50,72,25,33,16,21,17,9,6,15,8,27,1,18,18,13,6,0,0,0,0
134915,2024-11-11,"CBJ","ANA",29,"ANA",1,0,0,0,0,0,2,1,60,26,34,43.3,2,0,0,2,1,50,0,0,4,2,60,85,30,40,13,18,21,17,2,4,2,4,0,20,18,18,4,0,0,0,0
134914,2024-11-11,"MIN","CHI",20,"CHI",1,0,1,0,0,0,2,0.5,54,28,26,51.9,3,0,0,3,0,100,0,0,2,1,41,61,22,33,10,11,13,9,3,6,3,6,0,16,25,8,5,0,0,0,0
134915,2024-11-11,"CBJ","ANA",19,"CBJ",0,1,0,0,0,0,0,0,60,34,26,56.7,2,1,50,2,0,100,0,0,2,4,85,60,40,30,18,13,16,27,2,4,2,4,0,18,20,8,8,0,0,0,0
134914,2024-11-11,"MIN","CHI",25,"MIN",0,0,0,1,0,0,1,0.5,54,26,28,48.1,3,0,0,3,0,100,0,0,1,2,61,41,33,22,11,10,9,17,3,6,3,6,0,25,16,14,5,0,0,0,0
134913,2024-11-11,"SJS","NJD",7,"NJD",0,1,0,0,0,0,0,0,51,30,21,58.8,2,0,0,3,0,100,0,0,0,1,84,55,44,27,11,10,14,29,3,6,2,4,0,18,19,17,4,0,0,0,0
134913,2024-11-11,"SJS","NJD",26,"SJS",1,0,0,0,0,0,2,1,51,21,30,41.2,3,0,0,2,0,100,0,0,1,0,55,84,27,44,10,11,25,18,2,4,3,6,0,19,18,14,3,0,0,0,0
134916,2024-11-11,"MTL","BUF",15,"BUF",0,1,0,0,0,0,0,0,66,40,26,60.6,4,1,25,6,2,66.7,0,0,5,7,45,47,18,23,13,9,13,14,7,14,5,10,0,23,16,12,3,0,0,0,0
134919,2024-11-12,"LAK","CGY",23,"CGY",1,0,0,0,0,0,2,1,46,25,21,54.3,2,0,0,1,0,100,0,0,3,1,60,80,28,29,13,14,36,19,3,9,4,11,1,23,25,15,5,0,0,0,0
134921,2024-11-12,"CAR","VGK",3,"CAR",1,0,0,0,0,0,2,1,67,40,27,59.7,4,0,0,3,1,66.7,1,0,5,2,71,55,34,32,22,6,17,15,3,6,4,8,0,13,27,12,5,0,0,0,0
134920,2024-11-12,"NSH","COL",22,"COL",1,0,1,0,0,0,2,0.5,56,25,31,44.6,2,0,0,2,0,100,0,0,3,2,67,63,32,31,14,10,21,21,2,4,2,4,0,18,23,16,5,0,0,0,0
134918,2024-11-12,"DAL","PIT",27,"DAL",1,0,0,0,0,0,2,1,51,26,25,51,4,2,50,1,0,100,0,0,7,1,67,38,40,21,11,8,8,16,1,2,4,8,0,12,16,12,5,0,0,0,0
134919,2024-11-12,"LAK","CGY",28,"LAK",0,1,0,0,0,0,0,0,46,21,25,45.7,1,0,0,2,0,100,0,0,1,3,80,60,29,28,14,13,18,37,4,11,3,9,1,25,23,18,4,0,0,0,0
134916,2024-11-11,"MTL","BUF",14,"MTL",1,0,0,0,0,0,2,1,66,26,40,39.4,6,2,33.3,4,1,75,0,0,7,5,47,45,23,18,9,13,14,15,5,10,7,14,0,16,23,13,6,0,0,0,0
134920,2024-11-12,"NSH","COL",18,"NSH",0,0,0,1,0,0,1,0.5,56,31,25,55.4,2,0,0,2,0,100,0,0,2,3,63,67,31,32,10,14,21,22,2,4,2,4,0,23,18,19,2,0,0,0,0
134917,2024-11-12,"SJS","PHI",6,"PHI",1,0,0,0,1,0,2,0.5,62,31,31,50,3,1,33.3,3,0,100,0,0,4,3,80,50,43,31,18,9,10,19,5,16,5,16,2,23,21,14,12,3,2,2,0
134918,2024-11-12,"DAL","PIT",10,"PIT",0,1,0,0,0,0,0,0,51,25,26,49,1,0,0,4,2,50,0,0,1,7,38,67,21,40,8,11,16,9,4,8,1,2,0,16,12,15,4,0,0,0,0
134917,2024-11-12,"SJS","PHI",26,"SJS",0,0,0,1,0,1,1,0.25,62,31,31,50,3,0,0,3,1,66.7,0,0,3,3,50,80,31,43,9,18,19,10,5,16,5,16,2,21,23,15,2,2,3,0,2
134921,2024-11-12,"CAR","VGK",142,"VGK",0,1,0,0,0,0,0,0,67,27,40,40.3,3,1,33.3,4,0,100,0,1,2,5,55,71,32,34,6,22,14,17,4,8,3,6,0,27,13,17,4,0,0,0,0
134925,2024-11-13,"BOS","STL",11,"BOS",1,0,0,0,0,0,2,1,48,26,22,54.2,4,0,0,3,2,33.3,0,0,3,2,59,42,30,22,16,7,10,13,3,6,4,8,0,29,17,18,4,0,0,0,0
134927,2024-11-13,"CGY","VAN",23,"CGY",0,1,0,0,0,0,0,0,61,25,36,41,2,0,0,3,1,66.7,0,0,1,3,55,52,29,32,9,12,7,17,3,6,2,4,0,13,19,19,3,0,0,0,0
134928,2024-11-13,"CBJ","SEA",19,"CBJ",0,1,0,0,0,0,0,0,55,30,25,54.5,1,0,0,3,1,66.7,0,0,2,5,77,59,40,33,19,13,13,18,3,6,1,2,0,25,14,15,2,0,0,0,0
134926,2024-11-13,"NYI","EDM",24,"EDM",1,0,1,0,0,0,2,0.5,60,32,28,53.3,2,1,50,2,0,100,0,0,4,3,82,46,42,22,18,9,14,22,2,4,2,4,0,7,15,14,10,0,0,0,0
134923,2024-11-13,"NJD","FLO",4,"FLO",0,1,0,0,0,0,0,0,58,35,23,60.3,3,1,33.3,1,0,100,0,0,1,4,78,47,35,24,21,13,9,22,4,11,6,15,1,36,25,15,4,0,0,0,0
134923,2024-11-13,"NJD","FLO",7,"NJD",1,0,0,0,0,0,2,1,58,23,35,39.7,1,0,0,3,1,66.7,0,0,4,1,47,78,24,35,13,21,21,10,6,15,4,11,1,25,36,18,4,0,0,0,0
134926,2024-11-13,"NYI","EDM",8,"NYI",0,0,0,1,0,0,1,0.5,60,28,32,46.7,2,0,0,2,1,50,0,0,3,4,46,82,22,42,9,18,18,15,2,4,2,4,0,15,7,19,4,0,0,0,0
134924,2024-11-13,"WPJ","NYR",9,"NYR",0,1,0,0,0,0,0,0,51,33,18,64.7,4,1,25,2,1,50,0,0,3,6,68,54,36,33,18,8,12,14,2,4,4,8,0,21,13,16,5,0,0,0,0
134922,2024-11-13,"OTT","TOR",13,"OTT",1,0,0,0,0,0,2,1,67,31,36,46.3,3,0,0,4,0,100,0,0,3,0,69,55,41,27,12,10,16,16,5,10,4,8,0,25,25,11,4,0,0,0,0
134928,2024-11-13,"CBJ","SEA",143,"SEA",1,0,0,0,0,0,2,1,55,25,30,45.5,3,1,33.3,1,0,100,0,0,5,2,59,77,33,40,13,19,16,13,1,2,3,6,0,14,25,18,4,0,0,0,0
134925,2024-11-13,"BOS","STL",17,"STL",0,1,0,0,0,0,0,0,48,22,26,45.8,3,2,66.7,4,0,100,0,0,2,3,42,59,22,30,7,16,10,13,4,8,3,6,0,17,29,15,6,0,0,0,0
134922,2024-11-13,"OTT","TOR",12,"TOR",0,1,0,0,0,0,0,0,67,36,31,53.7,4,0,0,3,0,100,0,0,0,3,55,69,27,41,10,12,14,18,4,8,5,10,0,25,25,20,6,0,0,0,0
134927,2024-11-13,"CGY","VAN",21,"VAN",1,0,0,0,0,0,2,1,61,36,25,59,3,1,33.3,2,0,100,0,0,3,1,52,55,32,29,12,9,16,8,2,4,3,6,0,19,13,32,4,0,0,0,0
134924,2024-11-13,"WPJ","NYR",2,"WPJ",1,0,0,0,0,0,2,1,51,18,33,35.3,2,1,50,4,1,75,0,0,6,3,54,68,33,36,8,18,12,13,4,8,2,4,0,13,21,23,3,0,0,0,0
134933,2024-11-14,"VGK","ANA",29,"ANA",0,1,0,0,0,0,0,0,51,21,30,41.2,3,0,0,3,1,66.7,0,0,2,3,66,72,24,39,25,15,16,17,3,6,3,6,0,20,19,21,1,0,0,0,0
134931,2024-11-14,"CAR","UTA",3,"CAR",0,1,0,0,0,0,0,0,73,43,30,58.9,6,1,16.7,1,0,100,0,0,1,4,99,47,50,21,18,10,14,31,1,2,7,25,0,12,11,19,7,0,0,0,0
134932,2024-11-14,"LAK","COL",22,"COL",1,0,0,0,0,0,2,1,58,19,39,32.8,3,0,0,1,0,100,0,0,4,2,59,39,26,15,13,9,15,20,1,2,3,6,0,20,24,12,4,0,0,0,0
134929,2024-11-14,"DET","PIT",16,"DET",1,0,1,0,0,0,2,0.5,55,30,25,54.5,2,1,50,2,0,100,0,0,3,2,58,81,31,33,9,22,24,18,2,4,2,4,0,15,18,20,9,0,0,0,0
134932,2024-11-14,"LAK","COL",28,"LAK",0,1,0,0,0,0,0,0,58,39,19,67.2,1,0,0,3,0,100,0,0,2,4,39,59,15,26,9,13,18,15,3,6,1,2,0,24,20,11,4,0,0,0,0
134929,2024-11-14,"DET","PIT",10,"PIT",0,0,0,1,0,0,1,0.5,55,25,30,45.5,2,0,0,2,1,50,0,0,2,3,81,58,33,31,22,9,17,26,2,4,2,4,0,18,15,20,5,0,0,0,0
134930,2024-11-14,"TOR","WSH",12,"TOR",1,0,1,0,0,0,2,0.5,54,25,29,46.3,2,1,50,1,0,100,0,0,4,3,62,61,34,27,10,18,12,18,1,2,2,4,0,13,21,10,5,0,0,0,0
134931,2024-11-14,"CAR","UTA",30,"UTA",1,0,0,0,0,0,2,1,73,30,43,41.1,1,0,0,6,1,83.3,0,0,4,1,47,99,21,50,10,18,26,16,7,25,1,2,1,11,12,15,5,0,0,0,0
134933,2024-11-14,"VGK","ANA",142,"VGK",1,0,0,0,0,0,2,1,51,30,21,58.8,3,1,33.3,3,0,100,0,0,3,2,72,66,39,24,15,25,17,18,3,6,3,6,0,19,20,18,3,0,0,0,0
134930,2024-11-14,"TOR","WSH",5,"WSH",0,0,0,1,0,0,1,0.5,54,29,25,53.7,1,0,0,2,1,50,0,0,3,4,61,62,27,34,18,10,15,16,2,4,1,2,0,21,13,17,3,0,0,0,0
134939,2024-11-15,"BOS","DAL",11,"BOS",0,1,0,0,0,0,0,0,63,36,27,57.1,2,0,0,2,0,100,0,0,2,7,50,56,25,38,14,9,9,11,5,19,3,9,1,25,6,21,7,0,0,0,0
134934,2024-11-15,"STL","BUF",15,"BUF",1,0,1,0,0,0,2,0.5,61,22,39,36.1,3,1,33.3,1,0,100,0,0,4,3,66,52,33,27,13,13,10,20,1,2,3,6,0,26,28,7,10,0,0,0,0
134943,2024-11-15,"CHI","SEA",20,"CHI",0,1,0,0,0,0,0,0,56,27,29,48.2,1,0,0,3,1,66.7,0,0,1,3,41,66,19,26,10,24,15,12,3,6,1,2,0,12,14,9,6,0,0,0,0
134939,2024-11-15,"BOS","DAL",27,"DAL",1,0,0,0,0,0,2,1,63,27,36,42.9,2,0,0,2,0,100,0,0,7,2,56,50,38,25,9,14,9,9,3,9,5,21,1,6,25,10,10,0,0,0,0
134941,2024-11-15,"NSH","EDM",24,"EDM",1,0,1,0,0,0,2,0.5,57,27,30,47.4,4,0,0,2,0,100,0,0,3,2,52,41,34,23,12,6,12,6,2,4,4,8,0,15,19,19,4,0,0,0,0
134937,2024-11-15,"NJD","FLO",4,"FLO",0,1,0,0,0,0,0,0,54,21,33,38.9,5,0,0,5,3,40,0,0,2,6,59,50,27,29,16,8,10,16,7,17,7,17,1,45,29,15,8,0,0,0,0
134940,2024-11-15,"MTL","MIN",25,"MIN",1,0,0,0,0,0,2,1,50,23,27,46,3,1,33.3,3,0,100,0,0,3,0,50,50,28,19,7,13,16,15,4,8,3,8,0,14,22,10,5,0,0,0,0
134940,2024-11-15,"MTL","MIN",14,"MTL",0,1,0,0,0,0,0,0,50,27,23,54,3,0,0,3,1,66.7,0,0,0,3,50,50,19,28,13,7,11,18,3,8,4,8,0,22,14,9,2,0,0,0,0
134941,2024-11-15,"NSH","EDM",18,"NSH",0,0,0,1,0,0,1,0.5,57,30,27,52.6,2,0,0,4,0,100,0,0,2,3,41,52,23,34,6,12,6,12,4,8,2,4,0,19,15,21,5,0,0,0,0
134937,2024-11-15,"NJD","FLO",7,"NJD",1,0,0,0,0,0,2,1,54,33,21,61.1,5,3,60,5,0,100,0,0,6,2,50,59,29,27,8,16,13,13,7,17,7,17,1,29,45,16,4,0,0,0,0
134942,2024-11-15,"NYI","VAN",8,"NYI",1,0,0,0,0,0,2,1,54,32,22,59.3,5,1,20,1,0,100,0,0,5,2,57,57,32,26,10,13,16,15,2,7,6,15,1,14,26,14,6,0,0,0,0
134938,2024-11-15,"SJS","NYR",9,"NYR",1,0,0,0,0,0,2,1,44,22,22,50,1,0,0,3,1,66.7,0,0,3,2,68,53,35,27,18,10,14,15,3,6,2,4,0,34,31,7,10,0,0,0,0
134935,2024-11-15,"PHI","OTT",13,"OTT",0,0,0,1,0,0,1,0.5,57,35,22,61.4,6,2,33.3,2,0,100,0,0,4,5,81,38,37,19,13,4,14,31,2,4,6,12,0,23,20,6,9,0,0,0,0
134935,2024-11-15,"PHI","OTT",6,"PHI",1,0,1,0,0,0,2,0.5,57,22,35,38.6,2,0,0,6,2,66.7,0,0,5,4,38,81,19,37,4,13,30,15,6,12,2,4,0,20,23,18,8,0,0,0,0
134938,2024-11-15,"SJS","NYR",26,"SJS",0,1,0,0,0,0,0,0,44,22,22,50,3,1,33.3,1,0,100,0,0,2,3,53,68,27,35,10,18,14,16,2,4,3,6,0,31,34,21,4,0,0,0,0
134943,2024-11-15,"CHI","SEA",143,"SEA",1,0,0,0,0,0,2,1,56,29,27,51.8,3,1,33.3,1,0,100,0,0,3,1,66,41,26,19,24,10,11,16,1,2,3,6,0,14,12,9,8,0,0,0,0
134934,2024-11-15,"STL","BUF",17,"STL",0,0,0,1,0,0,1,0.5,61,39,22,63.9,1,0,0,3,1,66.7,0,0,3,4,52,66,27,33,13,13,19,12,3,6,1,2,0,28,26,12,5,0,0,0,0
134936,2024-11-15,"WPJ","TBL",1,"TBL",1,0,0,0,0,0,2,1,58,33,25,56.9,3,1,33.3,5,0,100,0,0,4,1,57,61,29,24,17,15,19,11,5,10,3,6,0,16,25,12,6,0,0,0,0
134942,2024-11-15,"NYI","VAN",21,"VAN",0,1,0,0,0,0,0,0,54,22,32,40.7,1,0,0,5,1,80,0,0,2,5,57,57,26,32,13,10,14,18,6,15,2,7,1,26,14,16,6,0,0,0,0
134936,2024-11-15,"WPJ","TBL",2,"WPJ",0,1,0,0,0,0,0,0,58,25,33,43.1,5,0,0,3,1,66.7,0,0,1,4,61,57,24,29,15,17,10,22,3,6,5,10,0,25,16,23,9,0,0,0,0
134948,2024-11-16,"DET","ANA",29,"ANA",1,0,0,0,0,0,2,1,58,24,34,41.4,4,2,50,4,3,25,0,0,6,4,58,57,29,25,15,17,15,14,4,8,4,8,0,23,11,11,10,0,0,0,0
134946,2024-11-16,"NSH","CGY",23,"CGY",1,0,0,0,0,0,2,1,85,42,43,49.4,4,0,0,2,0,100,0,0,2,0,72,66,33,29,19,17,19,20,4,11,6,15,1,21,38,17,15,0,0,0,0
134945,2024-11-16,"WSH","COL",22,"COL",0,1,0,0,0,0,0,0,65,31,34,47.7,1,0,0,2,1,50,0,0,2,5,64,45,19,20,22,11,14,23,2,4,1,2,0,15,18,14,2,0,0,0,0
134944,2024-11-16,"PIT","CBJ",19,"CBJ",1,0,0,0,0,0,2,1,59,31,28,52.5,5,1,20,4,1,75,0,0,6,2,77,71,39,23,14,21,25,24,4,8,5,10,0,26,18,17,3,0,0,0,0
134948,2024-11-16,"DET","ANA",16,"DET",0,1,0,0,0,0,0,0,58,34,24,58.6,4,3,75,4,2,50,0,0,4,6,57,58,25,29,17,15,12,15,4,8,4,8,0,11,23,10,2,0,0,0,0
134946,2024-11-16,"NSH","CGY",18,"NSH",0,1,0,0,0,0,0,0,85,43,42,50.6,2,0,0,4,0,100,0,0,0,2,66,72,29,33,17,19,17,20,6,15,4,11,1,38,21,11,10,0,0,0,0
134944,2024-11-16,"PIT","CBJ",10,"PIT",0,1,0,0,0,0,0,0,59,28,31,47.5,4,1,25,5,1,80,0,0,2,6,71,77,23,39,21,14,20,27,5,10,4,8,0,18,26,14,5,0,0,0,0
134947,2024-11-16,"VGK","UTA",30,"UTA",0,1,0,0,0,0,0,0,64,38,26,59.4,4,1,25,3,2,33.3,0,0,2,4,78,46,34,29,17,8,8,27,4,11,6,23,1,12,30,14,3,0,0,0,0
134947,2024-11-16,"VGK","UTA",142,"VGK",1,0,0,0,0,0,2,1,64,26,38,40.6,3,2,66.7,4,1,75,0,0,4,2,46,78,29,34,8,17,25,9,6,23,4,11,1,30,12,11,7,0,0,0,0
134945,2024-11-16,"WSH","COL",5,"WSH",1,0,0,0,0,0,2,1,65,34,31,52.3,2,1,50,1,0,100,0,0,5,2,45,64,20,19,11,22,18,14,1,2,2,4,0,18,15,16,3,0,0,0,0
134961,2024-11-17,"STL","CAR",3,"CAR",1,0,0,0,0,0,2,1,63,40,23,63.5,3,1,33.3,1,0,100,0,0,4,1,71,44,24,30,28,7,6,19,1,2,3,6,0,16,26,15,7,0,0,0,0
134962,2024-11-18,"NSH","VAN",18,"NSH",1,0,0,0,0,0,2,1,51,24,27,47.1,2,2,100,2,1,50,0,0,5,3,54,59,21,27,17,13,19,16,2,4,2,4,0,25,26,10,4,0,0,0,0
134964,2024-11-18,"NYR","SEA",9,"NYR",1,0,0,0,0,0,2,1,49,27,22,55.1,0,0,0,1,0,100,0,0,2,0,57,61,23,24,16,16,21,18,1,2,0,0,0,41,19,19,4,0,0,0,0
134964,2024-11-18,"NYR","SEA",143,"SEA",0,1,0,0,0,0,0,0,49,22,27,44.9,1,0,0,0,0,0,0,0,0,2,61,57,24,23,16,16,17,21,0,0,1,2,0,19,41,14,7,0,0,0,0
134961,2024-11-17,"STL","CAR",17,"STL",0,1,0,0,0,0,0,0,63,23,40,36.5,1,0,0,3,1,66.7,0,0,1,4,44,71,30,24,7,28,17,7,3,6,1,2,0,26,16,18,9,0,0,0,0
134962,2024-11-18,"NSH","VAN",21,"VAN",0,1,0,0,0,0,0,0,51,27,24,52.9,2,1,50,2,2,0,0,0,3,5,59,54,27,21,13,17,14,19,2,4,2,4,0,26,25,14,6,0,0,0,0
134963,2024-11-18,"WSH","VGK",142,"VGK",0,1,0,0,0,0,0,0,71,41,30,57.7,1,0,0,1,1,0,0,0,2,5,84,61,42,25,19,20,16,23,1,2,1,2,0,26,18,29,5,0,0,0,0
134963,2024-11-18,"WSH","VGK",5,"WSH",1,0,0,0,0,0,2,1,71,30,41,42.3,1,1,100,1,0,100,0,0,5,2,61,84,25,42,20,19,18,16,1,2,1,2,0,18,26,13,7,0,0,0,0
