TEAM,GFPG,GAPG
Florida Panthers,4.11,2.95
Colorado Avalanche,3.76,2.83
Carolina Hurricanes,3.38,2.44
Toronto Maple Leafs,3.8,3.07
Minnesota Wild,3.72,3.04
Calgary Flames,3.55,2.51
Tampa Bay Lightning,3.48,2.78
New York Rangers,3.05,2.49
St. Louis Blues,3.77,2.91
Boston Bruins,3.09,2.66
Edmonton Oilers,3.48,3.06
Pittsburgh Penguins,3.28,2.71
Washington Capitals,3.29,2.95
Los Angeles Kings,2.87,2.83
Dallas Stars,2.84,2.98
Nashville Predators,3.2,3.05
Vegas Golden Knights,3.2,2.98
Vancouver Canucks,3,2.82
Winnipeg Jets,3.05,3.09
New York Islanders,2.79,2.82
Columbus Blue Jackets,3.15,3.62
San Jose Sharks,2.57,3.18
Anaheim Ducks,2.78,3.24
Buffalo Sabres,2.79,3.5
Detroit Red Wings,2.77,3.78
Ottawa Senators,2.73,3.22
Chicago Blackhawks,2.6,3.52
New Jersey Devils,2.99,3.68
Philadelphia Flyers,2.56,3.59
Seattle Kraken,2.6,3.46
Arizona Coyotes,2.51,3.77
Montreal Canadiens,2.66,3.87
Boston Bruins,3.67,2.12
Carolina Hurricanes,3.2,2.56
New Jersey Devils,3.52,2.71
Vegas Golden Knights,3.26,2.74
Toronto Maple Leafs,3.39,2.68
Colorado Avalanche,3.34,2.72
Edmonton Oilers,3.96,3.12
Dallas Stars,3.43,2.62
New York Rangers,3.33,2.63
Los Angeles Kings,3.34,3.1
Minnesota Wild,2.91,2.67
Seattle Kraken,3.52,3.07
Tampa Bay Lightning,3.41,3.07
Winnipeg Jets,3,2.73
Calgary Flames,3.15,3.01
New York Islanders,2.95,2.65
Florida Panthers,3.51,3.32
Nashville Predators,2.72,2.88
Buffalo Sabres,3.57,3.62
Pittsburgh Penguins,3.18,3.21
Ottawa Senators,3.16,3.29
Vancouver Canucks,3.29,3.61
St. Louis Blues,3.17,3.63
Washington Capitals,3.09,3.18
Detroit Red Wings,2.89,3.35
Philadelphia Flyers,2.68,3.37
Arizona Coyotes,2.74,3.6
Montreal Canadiens,2.77,3.72
San Jose Sharks,2.84,3.84
Chicago Blackhawks,2.46,3.65
Columbus Blue Jackets,2.6,4.01
Anaheim Ducks,2.51,4.09
New York Rangers,3.39,2.76
Dallas Stars,3.59,2.83
Carolina Hurricanes,3.38,2.57
Winnipeg Jets,3.16,2.41
Florida Panthers,3.23,2.41
Boston Bruins,3.21,2.7
Vancouver Canucks,3.4,2.7
Colorado Avalanche,3.68,3.07
Edmonton Oilers,3.56,2.88
Toronto Maple Leafs,3.63,3.18
Nashville Predators,3.24,3.02
Los Angeles Kings,3.1,2.56
Tampa Bay Lightning,3.51,3.26
Vegas Golden Knights,3.21,2.96
New York Islanders,2.99,3.15
St. Louis Blues,2.85,3.02
Washington Capitals,2.63,3.07
Detroit Red Wings,3.35,3.33
Pittsburgh Penguins,3.09,3.02
Minnesota Wild,3.02,3.17
Philadelphia Flyers,2.82,3.15
Buffalo Sabres,2.98,2.96
New Jersey Devils,3.22,3.43
Seattle Kraken,2.61,2.83
Calgary Flames,3.09,3.26
Ottawa Senators,3.05,3.43
Arizona Coyotes,3.1,3.34
Montreal Canadiens,2.83,3.43
Columbus Blue Jackets,2.85,3.63
Anaheim Ducks,2.48,3.57
Chicago Blackhawks,2.17,3.52
San Jose Sharks,2.2,3.98
Winnipeg Jets,3.45,2.34
Washington Capitals,3.61,2.57
Dallas Stars,3.39,2.57
Vegas Golden Knights,3.42,2.65
Colorado Avalanche,3.37,2.79
Carolina Hurricanes,3.22,2.64
Florida Panthers,3.14,2.69
Toronto Maple Leafs,3.26,2.97
Tampa Bay Lightning,3.57,2.64
Los Angeles Kings,2.89,2.52
Minnesota Wild,2.7,2.79
Edmonton Oilers,3.24,2.94
St. Louis Blues,3.01,2.84
New Jersey Devils,2.95,2.64
Ottawa Senators,2.92,2.87
Vancouver Canucks,2.86,3.07
Calgary Flames,2.61,2.94
Utah Hockey Club,2.78,3.05
Montreal Canadiens,2.97,3.35
New York Rangers,2.97,3.03
Columbus Blue Jackets,3.18,3.35
New York Islanders,2.72,2.99
Detroit Red Wings,2.85,3.21
Anaheim Ducks,2.72,3.13
Boston Bruins,2.63,3.3
Pittsburgh Penguins,2.92,3.62
Seattle Kraken,3.03,3.21
Philadelphia Flyers,2.74,3.45
Buffalo Sabres,3.15,3.49
Nashville Predators,2.54,3.22
Chicago Blackhawks,2.71,3.59
San Jose Sharks,2.62,3.66
