Name,Pos,Team,GP,G,A,PTS,+/-,PIM,PPG,PPA,SHG,SHA,Pt/G,FOW,FO,WF%,PIMPG,SH,SH%,BLK,Hits,H/GP,TOI,TOI/GP
Kendall Coyne Schofield,F,MIN,15,10,6,16,13,0,0,1,0,0,1.07,1,1,100,0,48,20.8,5,5,0.33,250:40:00,16:42
Rebecca Leslie,F,OTT,17,10,6,16,3,0,3,2,0,1,0.94,0,8,0,0,51,19.6,3,3,0.18,314:30:00,18:30
Brianne Jenner,F,OTT,17,8,8,16,2,6,3,3,1,0,0.94,168,300,56,0.35,48,16.7,5,13,0.76,325:58:00,19:10
Britta Curl-Salemme,F,MIN,16,7,9,16,11,10,0,1,0,0,1,21,42,50,0.63,29,24.1,18,19,1.19,283:49:00,17:44
Taylor Heise,F,MIN,16,3,13,16,11,6,0,2,0,0,1,113,232,48.7,0.38,42,7.1,3,13,0.81,274:31:00,17:09
Kelly Pannek,F,MIN,16,8,7,15,9,2,3,1,0,0,0.94,163,290,56.2,0.13,34,23.5,17,2,0.13,271:56:00,16:59
Marie-Philip Poulin,F,MTL,16,7,8,15,5,20,2,1,0,1,0.94,185,289,64,1.25,49,14.3,11,19,1.19,317:57:00,19:52
Julia Gosling,F,SEA,15,6,7,13,0,8,1,1,0,0,0.87,1,5,20,0.53,56,10.7,7,7,0.47,274:00:00,18:16
Kristýna Kaltounková,F,NY,17,11,1,12,2,33,2,0,0,0,0.71,14,31,45.2,1.94,71,15.5,9,26,1.53,337:00:00,19:49
Daryl Watts,F,TOR,16,6,6,12,-1,0,1,0,0,0,0.75,1,5,20,0,58,10.3,8,2,0.13,280:47:00,17:32
Megan Keller,LD,BOS,15,5,7,12,0,0,4,2,0,0,0.8,0,0,0,0,36,13.9,10,22,1.47,405:02:00,27:00:00
Abby Roque,F,MTL,16,5,7,12,2,27,0,2,0,0,0.75,80,145,55.2,1.69,37,13.5,5,16,1,320:13:00,20:00
Casey O'Brien,F,NY,17,5,7,12,-4,0,3,2,1,0,0.71,161,299,53.8,0,36,13.9,5,3,0.18,342:42:00,20:09
Jessie Eldridge,F,SEA,15,5,6,11,-3,4,0,1,0,0,0.73,3,8,37.5,0.27,29,17.2,4,6,0.4,255:36:00,17:02
Alina Müller,C,BOS,15,3,8,11,5,0,1,4,0,0,0.73,98,159,61.6,0,34,8.8,11,12,0.8,307:37:00,20:30
Laura Stacey,F,MTL,17,3,8,11,7,10,1,2,1,0,0.65,0,1,0,0.59,78,3.8,7,9,0.53,330:47:00,19:27
Sarah Fillier,F,NY,16,1,10,11,-2,2,0,5,0,1,0.69,63,143,44.1,0.13,58,1.7,8,23,1.44,323:11:00,20:11
Alex Carpenter,F,SEA,15,5,5,10,-6,2,2,2,0,0,0.67,213,354,60.2,0.13,45,11.1,8,1,0.07,305:48:00,20:23
Hilary Knight,F,SEA,14,3,7,10,-2,4,3,2,0,0,0.71,3,5,60,0.29,43,7,6,12,0.86,285:06:00,20:21
Mae Batherson,D,MIN,16,2,8,10,5,2,1,4,0,0,0.63,0,3,0,0.13,25,8,9,3,0.19,314:18:00,19:38
Grace Zumwinkle,F,MIN,16,6,3,9,-4,4,2,2,0,0,0.56,0,6,0,0.25,42,14.3,11,2,0.13,263:34:00,16:28
Hannah Bilka,F,SEA,14,4,5,9,-6,2,0,5,0,0,0.64,1,2,50,0.14,38,10.5,7,8,0.57,251:12:00,17:56
Susanna Tapani,C,BOS,15,4,5,9,3,6,0,4,0,0,0.6,106,236,44.9,0.4,31,12.9,15,8,0.53,293:05:00,19:32
Claire Thompson,D,VAN,15,3,6,9,1,6,1,0,0,1,0.6,0,0,0,0.4,28,10.7,18,7,0.47,325:51:00,21:43
Emma Maltais,F,TOR,18,3,6,9,-1,12,0,2,0,0,0.5,123,230,53.5,0.67,32,9.4,14,31,1.72,344:36:00,19:08
Gabbie Hughes,F,OTT,15,2,7,9,-6,8,1,3,0,0,0.6,93,198,47,0.53,21,9.5,5,13,0.87,236:01:00,15:44
Kendall Cooper,D,MIN,16,1,8,9,8,0,0,3,0,0,0.56,0,0,0,0,27,3.7,8,5,0.31,354:26:00,22:09
Blayre Turnbull,F,TOR,18,4,4,8,-3,6,1,1,1,0,0.44,135,295,45.8,0.33,38,10.5,19,35,1.94,328:01:00,18:13
Jenn Gardiner,F,VAN,17,3,5,8,-5,0,0,1,1,0,0.47,1,4,25,0,35,8.6,5,15,0.88,303:44:00,17:52
Abby Hustler,F,MIN,16,2,6,8,9,2,1,1,0,0,0.5,0,2,0,0.13,29,6.9,5,19,1.19,264:32:00,16:32
Haley Winn,RD,BOS,15,1,7,8,-2,4,0,4,0,0,0.53,0,0,0,0.27,45,2.2,21,12,0.8,422:11:00,28:08:00
Rory Guilday,D,OTT,17,1,7,8,-1,12,1,4,0,0,0.47,0,0,0,0.71,20,5,23,26,1.53,355:17:00,20:53
Hayley Scamurra,F,MTL,17,1,7,8,3,18,0,3,0,0,0.47,72,157,45.9,1.06,33,3,15,10,0.59,250:19:00,14:43
Tereza Vanišová,F,VAN,17,1,7,8,5,6,0,0,0,0,0.47,4,10,40,0.35,30,3.3,3,25,1.47,288:35:00,16:58
Maddi Wheeler,F,NY,17,1,7,8,6,14,0,0,0,0,0.47,5,16,31.3,0.82,29,3.4,13,31,1.82,251:46:00,14:48
Izzy Daniel,F,VAN,17,5,2,7,-2,6,0,1,0,0,0.41,5,10,50,0.35,19,26.3,10,7,0.41,218:56:00,12:52
Jesse Compher,F,TOR,18,5,2,7,-6,6,0,1,0,1,0.39,45,95,47.4,0.33,47,10.6,14,11,0.61,308:09:00,17:07
Sophie Jaques,D,VAN,17,4,3,7,-4,0,1,1,0,0,0.41,0,0,0,0,60,6.7,18,12,0.71,391:32:00,23:01
Natálie Mlýnková,F,MTL,17,4,3,7,4,0,1,0,0,0,0.41,1,2,50,0,26,15.4,3,6,0.35,225:16:00,13:15
Jamie Lee Rattray,RW,BOS,15,3,4,7,-2,2,1,1,0,0,0.47,3,10,30,0.13,19,15.8,4,11,0.73,231:15:00,15:25
Sarah Wozniewicz,F,OTT,17,3,4,7,5,4,0,0,0,0,0.41,3,6,50,0.24,36,8.3,7,14,0.82,274:14:00,16:07
Natalie Spooner,F,TOR,18,3,4,7,-5,4,0,0,0,0,0.39,6,16,37.5,0.22,56,5.4,10,4,0.22,314:38:00,17:28
Hannah Miller,F,VAN,17,1,6,7,-7,4,0,1,0,0,0.41,123,264,46.6,0.24,33,3,12,29,1.71,317:47:00,18:41
Katy Knoll,F,MIN,16,6,0,6,3,8,1,0,0,0,0.38,14,29,48.3,0.5,21,28.6,13,14,0.88,225:04:00,14:04
Taylor Girard,F,NY,14,5,1,6,2,30,0,1,0,0,0.43,0,0,0,2.14,32,15.6,3,13,0.93,193:23:00,13:48
Abby Newhook,RW,BOS,14,5,1,6,6,2,2,1,0,0,0.43,1,3,33.3,0.14,20,25,3,5,0.36,177:07:00,12:39
Sarah Nurse,F,VAN,6,4,2,6,4,2,0,0,0,0,1,55,112,49.1,0.33,22,18.2,8,8,1.33,126:06:00,21:01
Fanuza Kadirova,F,OTT,15,4,2,6,-1,8,0,1,0,0,0.4,0,1,0,0.53,23,17.4,6,20,1.33,206:53:00,13:47
Maureen Murphy,F,MTL,17,4,2,6,3,0,1,0,0,0,0.35,3,5,60,0,46,8.7,14,6,0.35,262:19:00,15:25
Maggie Flaherty,D,MTL,17,3,3,6,4,14,1,2,0,0,0.35,0,0,0,0.82,25,12,44,16,0.94,319:03:00,18:46
Michelle Karvinen,F,VAN,17,3,3,6,-4,6,0,1,0,0,0.35,2,9,22.2,0.35,33,9.1,4,14,0.82,283:45:00,16:41
Paetyn Levis,F,NY,17,3,3,6,4,8,0,1,0,0,0.35,1,9,11.1,0.47,25,12,9,8,0.47,284:44:00,16:44
Anne Cherkowski,F,NY,15,2,4,6,-6,2,0,0,0,1,0.4,0,0,0,0.13,38,5.3,11,9,0.6,275:11:00,18:20
Michela Cava,F,OTT,17,1,5,6,-1,4,0,1,0,0,0.35,7,13,53.8,0.24,24,4.2,7,9,0.53,53:27:00,14:15
Nicole Gosling,D,MTL,17,1,5,6,6,2,0,2,0,0,0.35,0,0,0,0.12,21,4.8,13,16,0.94,357:16:00,21:00
Kati Tabin,D,MTL,17,1,5,6,8,10,0,2,0,0,0.35,0,0,0,0.59,28,3.6,8,18,1.06,359:25:00,21:08
Jincy Roese,D,NY,16,0,6,6,5,4,0,0,0,0,0.38,0,0,0,0.25,17,0,17,6,0.38,269:04:00,16:49
Claire Dalton,F,TOR,18,0,6,6,2,4,0,0,0,0,0.33,3,8,37.5,0.22,21,0,15,9,0.5,248:52:00,13:49
Abby Boreen,F,VAN,17,4,1,5,-3,6,1,0,0,0,0.29,13,29,44.8,0.35,40,10,10,15,0.88,292:37:00,17:12
Kristin O'Neill,F,NY,17,4,1,5,-4,10,2,0,1,0,0.29,173,304,56.9,0.59,39,10.3,19,15,0.88,300:38:00,17:41
Olivia Mobley,RW,BOS,10,3,2,5,0,4,0,1,0,0,0.5,2,2,100,0.4,22,13.6,4,9,0.9,126:12:00,12:37
Shiann Darkangelo,F,MTL,17,3,2,5,2,2,2,0,0,0,0.29,125,233,53.6,0.12,38,7.9,3,2,0.12,253:59:00,14:56
Dara Greig,F,MTL,17,3,2,5,7,6,0,0,0,0,0.29,1,2,50,0.35,15,20,8,15,0.88,200:43:00,11:48
Ronja Savolainen,D,OTT,17,3,2,5,-1,2,2,0,0,0,0.29,0,0,0,0.12,41,7.3,15,20,1.18,380:07:00,22:21
Danielle Serdachny,F,SEA,15,2,3,5,2,6,0,0,0,0,0.33,106,217,48.8,0.4,26,7.7,11,10,0.67,257:27:00,17:09
Emily Clark,F,OTT,17,2,3,5,-5,2,0,2,0,0,0.29,4,6,66.7,0.12,49,4.1,3,22,1.29,293:12:00,17:14
Kali Flanagan,D,TOR,18,2,3,5,-9,0,1,0,0,0,0.28,0,0,0,0,36,5.6,21,2,0.11,402:44:00,22:22
Ella Shelton,D,TOR,18,2,3,5,-4,6,0,0,0,0,0.28,0,2,0,0.33,37,5.4,41,23,1.28,444:16:00,24:40:00
Renata Fast,D,TOR,14,1,4,5,-2,10,0,0,0,0,0.36,0,0,0,0.71,22,4.5,14,34,2.43,328:45:00,23:28
Jaime Bourbonnais,D,NY,15,1,4,5,0,6,0,1,0,0,0.33,0,0,0,0.4,25,4,14,25,1.67,312:10:00,20:48
Theresa Schafzahl,LW,BOS,15,1,4,5,6,0,1,0,0,0,0.33,3,5,60,0,16,6.3,10,4,0.27,228:33:00,15:14
Kateřina Mrázová,F,OTT,17,1,4,5,-6,4,1,2,0,0,0.29,94,210,44.8,0.24,18,5.6,10,16,0.94,292:20:00,17:11
Maja Nylen Persson,D,NY,17,1,4,5,-2,14,0,4,1,0,0.29,0,0,0,0.82,28,3.6,26,6,0.35,357:50:00,21:02
Savannah Harmon,D,TOR,18,1,4,5,-8,4,1,1,0,1,0.28,0,0,0,0.22,29,3.4,13,10,0.56,411:09:00,22:50
Sidney Morin,D,MIN,16,0,5,5,-3,2,0,0,0,0,0.31,0,0,0,0.13,25,0,24,7,0.44,341:54:00,21:22
Jocelyne Larocque,D,OTT,17,0,5,5,2,18,0,2,0,0,0.29,0,0,0,1.06,16,0,15,14,0.82,394:05:00,23:10
Megan Carter,D,SEA,15,1,3,4,-2,10,0,0,0,0,0.27,0,1,0,0.67,15,6.7,20,22,1.47,264:13:00,17:36
Mikyla Grant-Mentis,F,SEA,15,1,3,4,-5,6,0,0,0,0,0.27,67,165,40.6,0.4,29,3.4,17,3,0.2,223:54:00,14:55
Skylar Irving,F,MTL,15,1,3,4,2,10,0,0,0,0,0.27,0,2,0,0.67,20,5,5,4,0.27,120:56:00,8:03
Jill Saulnier,LW,BOS,15,1,3,4,0,8,0,0,0,1,0.27,3,4,75,0.53,27,3.7,18,6,0.4,184:39:00,12:18
Anna Shokhina,F,VAN,16,1,3,4,-3,6,0,1,0,0,0.25,0,8,0,0.38,16,6.3,2,4,0.25,128:12:00,10:04
Anna Kjellbin,D,TOR,18,1,3,4,4,0,0,1,0,0,0.22,0,1,0,0,13,7.7,12,8,0.44,215:24:00,11:58
Erin Ambrose,D,MTL,14,0,4,4,3,2,0,4,0,0,0.29,0,0,0,0.14,22,0,25,6,0.43,289:17:00,20:39
Anna Wilgren,D,SEA,15,0,4,4,-6,8,0,0,0,0,0.27,0,0,0,0.53,27,0,15,16,1.07,319:17:00,21:17
Peyton Hemp,F,OTT,17,0,4,4,1,23,0,0,0,0,0.24,4,14,28.6,1.35,21,0,5,14,0.82,216:50:00,12:45
Lexie Adzija,F,SEA,15,3,0,3,-2,4,0,0,1,0,0.2,4,18,22.2,0.27,19,15.8,15,7,0.47,224:08:00,14:56
Dominique Petrie,F,MIN,10,2,1,3,-3,8,0,1,0,0,0.3,59,104,56.7,0.8,27,7.4,8,24,2.4,145:57:00,14:35
Liz Schepers,C,BOS,14,2,1,3,-2,0,0,0,0,1,0.21,57,134,42.5,0,17,11.8,9,9,0.64,187:32:00,13:23
Shay Maloney,RW,BOS,15,2,1,3,1,2,0,0,0,0,0.2,35,69,50.7,0.13,22,9.1,17,19,1.27,230:16:00,15:21
Anna Bargman,F,NY,16,2,1,3,0,4,0,0,0,0,0.19,2,3,66.7,0.25,11,18.2,3,6,0.38,80:55:00,5:03
Anna Meixner,F,VAN,17,2,1,3,-2,6,0,0,0,0,0.18,0,0,0,0.35,14,14.3,8,13,0.76,150:00:00,11:32
Ella Huber,LW,BOS,15,1,2,3,-4,6,1,0,0,0,0.2,8,15,53.3,0.4,38,2.6,0,12,0.8,215:13:00,14:20
Klára Hymlárová,F,MIN,16,1,2,3,-2,4,0,0,0,0,0.19,41,97,42.3,0.25,15,6.7,10,18,1.13,193:40:00,12:06
Ashton Bell,D,VAN,17,1,2,3,-4,0,0,0,0,0,0.18,0,0,0,0,17,5.9,35,13,0.76,350:10:00,20:35
Brooke Hobson,D,OTT,17,1,2,3,-3,4,0,0,0,0,0.18,0,2,0,0.24,11,9.1,14,22,1.29,276:42:00,16:16
Stephanie Markowski,D,OTT,17,1,2,3,4,4,0,0,0,0,0.18,0,1,0,0.24,23,4.3,11,13,0.76,283:19:00,16:39
Kiara Zanon,F,TOR,18,1,2,3,-3,0,0,0,0,0,0.17,0,1,0,0,19,5.3,7,6,0.33,239:04:00,13:16
Hadley Hartmetz,RD,BOS,12,0,3,3,3,2,0,0,0,0,0.25,0,0,0,0.17,7,0,5,2,0.17,147:31:00,12:17
Sophie Shirley,RW,BOS,12,0,3,3,-2,2,0,1,0,0,0.25,0,2,0,0.17,9,0,3,10,0.83,130:42:00,10:53
Lee Stecklein,D,MIN,14,0,3,3,8,2,0,0,0,0,0.21,0,1,0,0.14,19,0,12,4,0.29,335:20:00,23:57
Elle Hartje,F,NY,16,0,3,3,0,6,0,0,0,0,0.19,24,51,47.1,0.38,13,0,9,7,0.44,207:54:00,12:59
Micah Zandee-Hart,D,NY,17,0,3,3,0,29,0,0,0,0,0.18,1,4,25,1.71,23,0,17,18,1.06,310:34:00,18:16
Riley Brengman,RD,BOS,13,2,0,2,1,2,0,0,1,0,0.15,0,0,0,0.15,14,14.3,7,10,0.77,248:59:00,19:09
Sara Hjalmarsson,F,TOR,18,2,0,2,-4,6,0,0,0,0,0.11,25,55,45.5,0.33,23,8.7,4,7,0.39,195:45:00,10:52
Lina Ljungblom,F,MTL,8,1,1,2,3,0,1,0,0,0,0.25,24,37,64.9,0,5,20,2,2,0.25,81:53:00,10:14
Aneta Tejralová,D,SEA,8,1,1,2,3,21,0,0,0,0,0.25,0,0,0,2.63,9,11.1,6,5,0.63,120:56:00,15:07
Natalie Snodgrass,F,SEA,14,1,1,2,-7,2,0,0,0,0,0.14,2,8,25,0.14,15,6.7,5,3,0.21,206:15:00,14:43
Jessica DiGirolamo,D,MTL,17,1,1,2,2,6,0,0,0,0,0.12,0,0,0,0.35,23,4.3,23,10,0.59,307:16:00,18:04
Mannon McMahon,F,VAN,17,1,1,2,-1,8,0,0,0,0,0.12,27,54,50,0.47,21,4.8,4,19,1.12,179:23:00,12:55
Savannah Norcross,F,NY,17,1,1,2,1,2,0,0,0,0,0.12,0,1,0,0.12,10,10,1,8,0.47,64:37:00,3:48
Gabby Rosenthal,F,VAN,17,1,1,2,0,10,0,0,0,1,0.12,113,212,53.3,0.59,18,5.6,10,19,1.12,265:12:00,15:36
Maggie Connors,F,TOR,18,1,1,2,-2,2,0,0,0,0,0.11,2,7,28.6,0.11,31,3.2,9,4,0.22,249:44:00,13:52
Lyndie Lobdell,D,SEA,10,0,2,2,-2,2,0,0,0,0,0.2,1,1,100,0.2,7,0,12,5,0.5,127:07:00,12:42
Allie Munroe,D,TOR,12,0,2,2,2,8,0,1,0,0,0.17,1,2,50,0.67,6,0,17,11,0.92,199:17:00,16:36
Cayla Barnes,D,SEA,15,0,2,2,-6,6,0,0,0,0,0.13,0,0,0,0.4,31,0,30,5,0.33,359:21:00,23:57
Emily Brown,D,SEA,15,0,2,2,-2,6,0,0,0,0,0.13,0,0,0,0.4,11,0,22,16,1.07,282:49:00,18:51
Mariah Keopple,D,SEA,15,0,2,2,-1,0,0,0,0,0,0.13,0,0,0,0,8,0,28,5,0.33,230:02:00,15:20
Denisa Křížová,F,MIN,16,0,2,2,-4,0,0,0,0,0,0.13,1,3,33.3,0,23,0,4,2,0.13,218:12:00,13:38
Lauren Bernard,D,NY,17,0,2,2,0,0,0,0,0,1,0.12,1,2,50,0,13,0,9,8,0.47,231:40:00,13:37
Amanda Boulier,D,MTL,17,0,2,2,1,8,0,0,0,0,0.12,0,0,0,0.47,11,0,28,8,0.47,276:20:00,16:15
Kayla Vespa,F,NY,17,0,2,2,2,2,0,0,0,0,0.12,27,74,36.5,0.12,10,0,1,2,0.12,120:40:00,7:05
Kaitlin Willoughby,F,MTL,17,0,2,2,0,2,0,0,0,0,0.12,1,1,100,0.12,12,0,2,5,0.29,164:40:00,9:41
Clara Van Wieren,F,TOR,18,0,2,2,0,10,0,0,0,0,0.11,51,112,45.5,0.56,10,0,13,9,0.5,193:21:00,10:44
Nicole Vallario,D,NY,2,1,0,1,1,0,0,0,0,0,0.5,0,0,0,0,1,100,5,1,0.5,20:43,10:21
Maya Labad,F,MTL,4,1,0,1,1,4,0,0,0,0,0.25,0,0,0,1,1,100,0,0,0,25:06:00,6:16
Lauren Messier,F,TOR,4,1,0,1,1,0,0,0,0,0,0.25,0,0,0,0,2,50,1,4,1,19:40,4:55
Jade Downie-Landry,F,MTL,10,1,0,1,1,0,0,0,0,0,0.1,10,19,52.6,0,16,6.3,1,8,0.8,116:10:00,11:37
Katie Chan,F,VAN,13,1,0,1,-3,4,0,0,0,0,0.08,1,5,20,0.31,5,20,8,3,0.23,119:10:00,9:10
Daniela Pejšová,LD,BOS,13,1,0,1,0,2,0,0,0,0,0.08,0,0,0,0.15,13,7.7,7,15,1.15,169:36:00,13:02
Emma Gentry,F,TOR,16,1,0,1,-4,10,0,0,0,0,0.06,44,119,37,0.63,18,5.6,16,13,0.81,183:21:00,11:27
Nina Jobst-Smith,D,VAN,7,0,1,1,1,0,0,0,0,0,0.14,0,0,0,0,13,0,6,4,0.57,93:27:00,13:21
Samantha Isbell,D,OTT,8,0,1,1,-3,0,0,0,0,0,0.13,0,0,0,0,3,0,6,5,0.63,92:38:00,11:34
Zoe Boyd,LD,BOS,12,0,1,1,2,4,0,1,0,0,0.08,0,0,0,0.33,15,0,16,24,2,207:30:00,17:17
Darcie Lappan,F,VAN,12,0,1,1,0,0,0,0,0,0,0.08,20,73,27.4,0,4,0,1,13,1.08,100:28:00,8:22
Rylind MacKinnon,LD,BOS,13,0,1,1,3,0,0,0,0,0,0.08,0,0,0,0,5,0,4,20,1.54,124:48:00,9:36
Laura Kluge,LW,BOS,14,0,1,1,0,8,0,0,0,0,0.07,1,8,12.5,0.57,6,0,7,9,0.64,135:52:00,9:42
Brooke Becker,D,MIN,15,0,1,1,-1,8,0,0,0,0,0.07,0,0,0,0.53,14,0,10,9,0.6,195:07:00,13:00
Hannah Brandt,C,BOS,15,0,1,1,-2,2,0,0,0,0,0.07,84,160,52.5,0.13,13,0,4,3,0.2,169:47:00,11:19
Brooke Bryant,F,SEA,15,0,1,1,-1,0,0,0,0,0,0.07,2,6,33.3,0,7,0,5,2,0.13,114:26:00,7:37
Alexandra Labelle,F,MTL,15,0,1,1,1,2,0,0,0,0,0.07,46,80,57.5,0.13,11,0,13,9,0.6,156:44:00,10:26
Peyton Anderson,F,MIN,16,0,1,1,-2,6,0,0,0,0,0.06,0,0,0,0.38,17,0,1,5,0.31,123:44:00,7:44
Natalie Buchbinder,D,MIN,16,0,1,1,9,4,0,0,0,0,0.06,0,0,0,0.25,6,0,11,1,0.06,273:38:00,17:06
Claire Butorac,F,MIN,16,0,1,1,-2,0,0,0,0,0,0.06,1,10,10,0,6,0,6,5,0.31,155:49:00,9:44
Emmy Fecteau,F,NY,16,0,1,1,-2,6,0,0,0,0,0.06,4,9,44.4,0.38,11,0,0,17,1.06,115:35:00,7:13
Sydney Bard,D,VAN,17,0,1,1,-2,0,0,0,0,0,0.06,0,0,0,0,12,0,17,18,1.06,245:59:00,14:28
Brooke McQuigge,F,OTT,17,0,1,1,-5,4,0,0,0,0,0.06,4,6,66.7,0.24,10,0,3,23,1.35,52:03:00,10:38
Allyson Simpson,D,NY,17,0,1,1,-1,12,0,0,0,0,0.06,0,0,0,0.71,20,0,16,12,0.71,312:23:00,18:22
Emma Woods,F,TOR,18,0,1,1,-3,2,0,0,0,0,0.06,2,4,50,0.11,14,0,5,9,0.5,158:18:00,8:47
Brianna Brooks,F,VAN,1,0,0,0,0,0,0,0,0,0,0,0,0,0,0,0,0,0,0,0,0:00,0:00
Loren Gabel,LW,BOS,1,0,0,0,0,0,0,0,0,0,0,0,1,0,0,1,0,0,0,0,13:38,13:38
Élizabeth Giguère,F,MIN,1,0,0,0,-3,0,0,0,0,0,0,0,0,0,0,1,0,0,0,0,11:15,11:15
Sydney Langseth,F,SEA,1,0,0,0,0,0,0,0,0,0,0,0,0,0,0,0,0,1,0,0,4:50,4:50
Malia Schneider,F,VAN,2,0,0,0,0,0,0,0,0,0,0,0,0,0,0,0,0,1,0,0,15:21,7:40
Olivia Wallin,F,OTT,2,0,0,0,0,0,0,0,0,0,0,0,0,0,0,0,0,0,0,0,4:49,2:24
Olivia Zafuto,LD,BOS,2,0,0,0,0,0,0,0,0,0,0,0,0,0,0,1,0,0,1,0.5,11:35,5:47
Tamara Giaquinto,D,MTL,3,0,0,0,0,0,0,0,0,0,0,0,0,0,0,4,0,0,0,0,32:45:00,10:55
Olivia Knowles,D,NY,3,0,0,0,0,0,0,0,0,0,0,0,0,0,0,0,0,1,0,0,6:46,2:15
Kaitlyn O'Donohoe,F,MIN,4,0,0,0,-1,0,0,0,0,0,0,0,0,0,0,1,0,0,0,0,19:23,4:50
Mia Biotti,RD,BOS,5,0,0,0,1,0,0,0,0,0,0,0,0,0,0,1,0,1,2,0.4,27:22:00,5:28
Hanna Baskin,D,TOR,6,0,0,0,0,2,0,0,0,0,0,1,1,100,0.33,1,0,0,2,0.33,39:25:00,6:34
Kelly Ann Nadeau,D,MTL,6,0,0,0,-1,0,0,0,0,0,0,0,0,0,0,1,0,0,0,0,21:40,3:36
Madison Bizal,D,MIN,7,0,0,0,-2,0,0,0,0,0,0,0,0,0,0,1,0,2,0,0,44:03:00,6:17
Dayle Ross,D,NY,7,0,0,0,-1,0,0,0,0,0,0,0,0,0,0,10,0,2,5,0.71,55:01:00,7:51
Jessica Kondas,D,TOR,8,0,0,0,2,2,0,0,0,0,0,0,0,0,0.25,5,0,5,8,1,60:49:00,7:36
Lily Delianedis,F,SEA,9,0,0,0,-1,2,0,0,0,0,0,9,22,40.9,0.22,2,0,0,2,0.22,46:59:00,5:13
Jenna Buglioni,F,SEA,12,0,0,0,0,2,0,0,0,0,0,17,38,44.7,0.17,0,0,5,6,0.5,84:27:00,7:02
Catherine Dubois,F,MTL,12,0,0,0,-1,4,0,0,0,0,0,1,1,100,0.33,12,0,3,7,0.58,108:39:00,9:03
Kathryn Reilly,D,OTT,12,0,0,0,-1,4,0,0,0,0,0,0,0,0,0.33,7,0,2,2,0.17,147:18:00,12:16
Marah Wagner,F,SEA,12,0,0,0,-1,2,0,0,0,0,0,0,0,0,0.17,7,0,1,6,0.5,101:12:00,8:26
Clair DeGeorge,F,TOR,14,0,0,0,-1,4,0,0,0,0,0,0,1,0,0.29,1,0,1,1,0.07,27:48:00,1:59
Madison Samoskevich,LD,VAN,14,0,0,0,0,6,0,0,0,0,0,0,0,0,0.43,3,0,5,19,1.36,143:07:00,10:13
Anna Segedi,F,VAN,14,0,0,0,-4,2,0,0,0,0,0,56,113,49.6,0.14,10,0,2,11,0.79,160:14:00,11:26
Vanessa Upson,F,MIN,14,0,0,0,-4,0,0,0,0,0,0,19,45,42.2,0,6,0,5,0,0,79:09:00,5:39
Taylor House,F,OTT,16,0,0,0,-3,2,0,0,0,0,0,5,13,38.5,0.13,5,0,5,16,1,103:24:00,6:27
Mellissa Channell-Watkins,D,VAN,17,0,0,0,-6,2,0,0,0,0,0,0,0,0,0.12,12,0,20,30,1.76,326:59:00,19:14
Emma Greco,D,OTT,17,0,0,0,-3,23,0,0,0,0,0,0,0,0,1.35,4,0,5,8,0.47,42:24:00,6:42
Alexa Vasko,F,OTT,17,0,0,0,-3,2,0,0,0,0,0,76,132,57.6,0.12,12,0,12,30,1.76,179:04:00,10:32
