ABB,DIVISION,CONFERENCE,TEAM,NAME,AGE,HEIGHT,WEIGHT,COUNTRY,POSITION,GP,G,A,PTS,GPG,APG,PPG,PLUS_MINUS,PIM,HAT_TRICKS,SOG,SHT_PCT,BLOCKED_SHOTS,HITS,GIVES,TAKES,NET_PUCK_DIFF,POSSESSION,FO_PCT
TBL,Atlantic,Eastern,Tampa Bay Lightning,Anthony Cirelli,28,"6'0""",193,Canada,C,38,12,13,25,0.315789474,0.342105263,0.657894737,22,10,4,73,16.4,23,26,25,17,0.404761905,0.68,48
COL,Central,Western,Colorado Avalanche,Cale Makar,27,"5'11""",187,Canada,D,42,12,36,48,0.285714286,0.857142857,1.142857143,30,18,4,118,10.2,73,20,42,25,0.373134328,0.595238095,0
VGK,Pacific,Western,Vegas Golden Knights,Mark Stone,33,"6'3""",202,Canada,RW,25,13,21,34,0.52,0.84,1.36,6,2,4,61,21.3,16,13,28,12,0.3,0.428571429,16.7
FLO,Atlantic,Eastern,Florida Panthers,Sam Reinhart,30,"6'1""",194,Canada,C,42,23,21,44,0.547619048,0.5,1.047619048,-9,4,7,111,20.7,26,40,30,12,0.285714286,0.4,36.1
DAL,Central,Western,Dallas Stars,Thomas Harley,24,"6'3""",188,Canada,D,32,2,14,16,0.0625,0.4375,0.5,-4,10,0,42,4.8,70,22,43,17,0.283333333,0.395348837,0
SJS,Pacific,Western,San Jose Sharks,Macklin Celebrini,19,"6'0""",190,Canada,C,43,24,43,67,0.558139535,1,1.558139535,17,28,8,143,16.8,25,25,66,25,0.274725275,0.378787879,48.5
MTL,Atlantic,Eastern,Montreal Canadiens,Nick Suzuki,26,"5'11""",208,Canada,C,43,14,33,47,0.325581395,0.76744186,1.093023256,16,8,4,93,15.1,37,33,35,13,0.270833333,0.371428571,48.6
STL,Central,Western,St. Louis Blues,Colton Parayko,32,"6'6""",230,Canada,D,44,0,11,11,0,0.25,0.25,-8,16,0,48,0,105,44,53,19,0.263888889,0.358490566,0
TBL,Atlantic,Eastern,Tampa Bay Lightning,Brandon Hagel,27,"6'0""",175,Canada,LW,37,20,18,38,0.540540541,0.486486486,1.027027027,22,24,6,109,18.3,21,30,43,15,0.25862069,0.348837209,44.4
PHI,Metropolitan,Eastern,Philadelphia Flyers,Travis Sanheim,29,"6'3""",181,Canada,D,41,5,14,19,0.12195122,0.341463415,0.463414634,7,12,1,54,9.3,78,25,57,18,0.24,0.315789474,0
COL,Central,Western,Colorado Avalanche,Devon Toews,31,"6'1""",191,Canada,D,40,1,12,13,0.025,0.3,0.325,26,18,0,68,1.5,58,14,45,14,0.237288136,0.311111111,0
VGK,Pacific,Western,Vegas Golden Knights,Mitch Marner,28,"6'0""",180,Canada,RW,42,9,35,44,0.214285714,0.833333333,1.047619048,8,12,0,77,11.7,27,15,58,18,0.236842105,0.310344828,40
VGK,Pacific,Western,Vegas Golden Knights,Shea Theodore,30,"6'2""",195,Canada,D,31,4,16,20,0.129032258,0.516129032,0.64516129,5,6,1,74,5.4,48,1,39,12,0.235294118,0.307692308,0
FLO,Atlantic,Eastern,Florida Panthers,Brad Marchand,37,"5'9""",181,Canada,LW,41,23,23,46,0.56097561,0.56097561,1.12195122,-8,32,7,115,20,16,33,43,13,0.232142857,0.302325581,12.5
PIT,Metropolitan,Eastern,Pittsburgh Penguins,Sidney Crosby,38,"5'11""",200,Canada,C,41,24,23,47,0.585365854,0.56097561,1.146341463,0,30,8,99,24.2,17,35,46,13,0.220338983,0.282608696,56
TBL,Atlantic,Eastern,Tampa Bay Lightning,Brayden Point,29,"5'10""",166,Canada,C,35,10,16,26,0.285714286,0.457142857,0.742857143,0,8,3,77,13,13,4,20,5,0.2,0.25,45.3
WSH,Metropolitan,Eastern,Washington Capitals,Tom Wilson,31,"6'4""",220,Canada,RW,41,22,20,42,0.536585366,0.487804878,1.024390244,20,59,7,97,22.7,24,110,49,11,0.183333333,0.224489796,45.8
EDM,Pacific,Western,Edmonton Oilers,Connor McDavid,28,"6'1""",193,Canada,C,43,28,47,75,0.651162791,1.093023256,1.744186047,2,16,9,161,17.4,18,18,66,14,0.175,0.212121212,47.5
WPJ,Central,Western,Winnipeg Jets,Josh Morrissey,30,"6'0""",195,Canada,D,41,6,27,33,0.146341463,0.658536585,0.804878049,7,16,2,70,8.6,76,21,48,10,0.172413793,0.208333333,0
LAK,Pacific,Western,Los Angeles Kings,Drew Doughty,36,"6'1""",202,Canada,D,35,3,10,13,0.085714286,0.285714286,0.371428571,5,20,1,53,5.7,44,16,46,9,0.163636364,0.195652174,0
NYI,Metropolitan,Eastern,New York Islanders,Bo Horvat,30,"6'0""",215,Canada,C,36,21,12,33,0.583333333,0.333333333,0.916666667,4,32,7,122,17.2,19,26,42,8,0.16,0.19047619,57.6
COL,Central,Western,Colorado Avalanche,Nathan MacKinnon,30,"6'0""",200,Canada,C,42,35,39,74,0.833333333,0.928571429,1.761904762,48,14,11,192,18.2,23,38,85,12,0.12371134,0.141176471,50
SUI,NA,NA,Zurich,Mikko Lehtonen,31,"6'0""",196,Finland,D,26,0,6,6,0,0.230769231,0.230769231,-2,8,0,33,0,15,30,10,8,0.444444444,0.8,0
LAK,Pacific,Western,Los Angeles Kings,Joel Armia,32,"6'4""",218,Finland,RW,41,9,7,16,0.219512195,0.170731707,0.390243902,5,22,3,51,17.6,24,38,33,22,0.4,0.666666667,36.7
DAL,Central,Western,Dallas Stars,Miro Heiskanen,26,"6'1""",190,Finland,D,44,7,29,36,0.159090909,0.659090909,0.818181818,6,14,2,91,7.7,82,9,53,29,0.353658537,0.547169811,0
FLO,Atlantic,Eastern,Florida Panthers,Eetu Luostarinen,27,"6'3""",184,Finland,C,34,4,14,18,0.117647059,0.411764706,0.529411765,0,12,1,55,7.3,26,74,22,10,0.3125,0.454545455,46.4
MTL,Atlantic,Eastern,Montreal Canadiens,Oliver Kapanen,22,"6'2""",194,Finland,C,44,15,11,26,0.340909091,0.25,0.590909091,4,10,0,78,19.2,45,16,16,7,0.304347826,0.4375,46.2
NSH,Central,Western,Nashville Predators,Erik Haula,34,"6'0""",193,Finland,LW,42,7,16,23,0.166666667,0.380952381,0.547619048,-9,26,2,69,10.1,24,54,28,12,0.3,0.428571429,52.3
PHI,Metropolitan,Eastern,Philadelphia Flyers,Rasmus Ristolainen,31,"6'4""",220,Finland,D,10,0,2,2,0,0.2,0.2,3,4,0,19,0,21,13,5,2,0.285714286,0.4,0
CHI,Central,Western,Chicago Blackhawks,Teuvo Teravainen,31,"5'11""",191,Finland,C,42,9,12,21,0.214285714,0.285714286,0.5,-11,4,3,52,17.3,27,17,40,16,0.285714286,0.4,48.6
SEA,Pacific,Western,Seattle Kraken,Eeli Tolvanen,26,"5'10""",191,Finland,RW,40,7,18,25,0.175,0.45,0.625,-7,14,2,69,10.1,43,106,28,10,0.263157895,0.357142857,0
SEA,Pacific,Western,Seattle Kraken,Kaapo Kakko,24,"6'3""",199,Finland,RW,25,4,10,14,0.16,0.4,0.56,3,6,1,40,10,3,12,17,6,0.260869565,0.352941176,58.8
OTT,Atlantic,Eastern,Ottawa Senators,Nikolas Matinpalo,27,"6'3""",207,Finland,D,28,0,4,4,0,0.142857143,0.142857143,-1,10,0,19,0,32,24,17,6,0.260869565,0.352941176,0
CAR,Metropolitan,Eastern,Carolina Hurricanes,Sebastian Aho,28,"6'0""",176,Finland,C,43,17,26,43,0.395348837,0.604651163,1,6,18,5,102,16.7,16,37,54,19,0.260273973,0.351851852,48.6
COL,Central,Western,Colorado Avalanche,Artturi Lehkonen,30,"6'0""",180,Finland,LW,42,15,19,34,0.357142857,0.452380952,0.80952381,34,6,5,104,14.4,25,31,29,10,0.256410256,0.344827586,25
FLO,Atlantic,Eastern,Florida Panthers,Niko Mikkola,29,"6'4""",185,Finland,D,42,1,5,6,0.023809524,0.119047619,0.142857143,6,35,0,44,2.3,47,70,45,14,0.237288136,0.311111111,0
DAL,Central,Western,Dallas Stars,Mikko Rantanen,29,"6'4""",215,Finland,RW,43,17,42,59,0.395348837,0.976744186,1.372093023,1,75,5,104,16.3,20,30,50,15,0.230769231,0.3,51.9
DAL,Central,Western,Dallas Stars,Esa Lindell,31,"6'3""",215,Finland,D,44,4,14,18,0.090909091,0.318181818,0.409090909,20,10,1,42,9.5,94,19,72,21,0.225806452,0.291666667,0
ANA,Pacific,Western,Anaheim Ducks,Mikael Granlund,33,"5'10""",185,Finland,C,25,7,9,16,0.28,0.36,0.64,-9,10,2,49,14.3,14,17,22,5,0.185185185,0.227272727,50.5
FLO,Atlantic,Eastern,Florida Panthers,Anton Lundell,24,"6'1""",185,Finland,C,42,13,18,31,0.30952381,0.428571429,0.738095238,-7,18,4,94,13.8,28,50,44,8,0.153846154,0.181818182,51.6
BOS,Atlantic,Eastern,Boston Bruins,Henri Jokiharju,26,"6'0""",195,Finland,D,26,0,6,6,0,0.230769231,0.230769231,-5,10,0,22,0,19,13,32,5,0.135135135,0.15625,0
UTA,Central,Western,Utah Mammoth,Olli Maatta,31,"6'2""",206,Finland,D,19,0,1,1,0,0.052631579,0.052631579,-4,2,0,9,0,16,1,14,2,0.125,0.142857143,0
COL,Central,Western,Colorado Avalanche,Joel Kiviranta,29,"5'10""",175,Finland,LW,21,1,3,4,0.047619048,0.142857143,0.19047619,0,6,0,13,7.7,5,30,8,1,0.111111111,0.125,50
DAL,Central,Western,Dallas Stars,Roope Hintz,29,"6'3""",220,Finland,C,39,13,20,33,0.333333333,0.512820513,0.846153846,14,12,4,95,13.7,11,40,30,2,0.0625,0.066666667,57.9
PIT,Metropolitan,Eastern,Pittsburgh Penguins,Rickard Rakell,32,"6'0""",196,Sweden,RW,21,6,9,15,0.285714286,0.428571429,0.714285714,0,2,2,59,10.2,21,32,15,13,0.464285714,0.866666667,5.9
FLO,Atlantic,Eastern,Florida Panthers,Gustav Forsling,29,"6'0""",186,Sweden,D,42,1,13,14,0.023809524,0.30952381,0.333333333,-3,20,0,49,2,48,31,24,16,0.4,0.666666667,0
COL,Central,Western,Colorado Avalanche,Gabriel Landeskog,33,"6'1""",215,Sweden,LW,41,7,15,22,0.170731707,0.365853659,0.536585366,18,27,2,87,8,18,60,21,12,0.363636364,0.571428571,62.3
SJS,Pacific,Western,San Jose Sharks,Alexander Wennberg,31,"6'2""",197,Sweden,C,43,8,22,30,0.186046512,0.511627907,0.697674419,-10,10,2,50,16,54,13,35,19,0.351851852,0.542857143,45.7
VAN,Pacific,Western,Vancouver Canucks,Elias Pettersson,27,"6'2""",176,Sweden,C,34,11,15,26,0.323529412,0.441176471,0.764705882,-11,14,3,69,15.9,56,32,35,18,0.339622642,0.514285714,47.2
NSH,Central,Western,Nashville Predators,Filip Forsberg,31,"6'1""",205,Sweden,LW,42,16,15,31,0.380952381,0.357142857,0.738095238,-6,20,5,125,12.8,15,84,56,28,0.333333333,0.5,35
TOR,Atlantic,Eastern,Toronto Maple Leafs,William Nylander,29,"6'0""",200,Sweden,C,33,14,27,41,0.424242424,0.818181818,1.242424242,-1,12,0,68,20.6,12,4,34,15,0.306122449,0.441176471,36.7
NJD,Metropolitan,Eastern,New Jersey Devils,Jesper Bratt,27,"5'10""",175,Sweden,LW,43,9,24,33,0.209302326,0.558139535,0.76744186,-11,8,3,101,8.9,14,41,39,17,0.303571429,0.435897436,33.3
DET,Atlantic,Eastern,Detroit Red Wings,Lucas Raymond,23,"5'11""",170,Sweden,LW,42,12,33,45,0.285714286,0.785714286,1.071428571,3,10,4,91,13.2,17,20,44,18,0.290322581,0.409090909,100
ANA,Pacific,Western,Anaheim Ducks,Leo Carlsson,21,"6'3""",198,Sweden,C,42,17,25,42,0.404761905,0.595238095,1,4,29,5,100,17,15,7,48,18,0.272727273,0.375,45.3
PIT,Metropolitan,Eastern,Pittsburgh Penguins,Erik Karlsson,35,"6'0""",190,Sweden,D,41,3,28,31,0.073170732,0.682926829,0.756097561,-1,14,1,90,3.3,40,9,59,21,0.2625,0.355932203,0
LAK,Pacific,Western,Los Angeles Kings,Adrian Kempe,29,"6'2""",201,Sweden,RW,42,15,19,34,0.357142857,0.452380952,0.80952381,10,36,5,121,12.4,29,84,34,12,0.260869565,0.352941176,40.7
MIN,Central,Western,Minnesota Wild,Joel Eriksson Ek,28,"6'1""",210,Sweden,C,44,11,21,32,0.25,0.477272727,0.727272727,12,20,3,130,8.5,19,68,32,11,0.255813953,0.34375,49.5
TBL,Atlantic,Eastern,Tampa Bay Lightning,Pontus Holmberg,26,"5'10""",175,Sweden,RW,35,6,7,13,0.171428571,0.2,0.371428571,7,12,2,45,13.3,17,36,19,6,0.24,0.315789474,37.2
MIN,Central,Western,Minnesota Wild,Jonas Brodin,32,"6'1""",194,Sweden,D,39,3,11,14,0.076923077,0.282051282,0.358974359,16,8,1,38,7.9,86,8,29,9,0.236842105,0.310344828,0
CGY,Pacific,Western,Calgary Flames,Rasmus Andersson,29,"6'1""",214,Sweden,D,43,9,18,27,0.209302326,0.418604651,0.627906977,2,46,3,103,8.7,80,23,60,17,0.220779221,0.283333333,0
BOS,Atlantic,Eastern,Boston Bruins,Elias Lindholm,31,"6'1""",195,Sweden,C,33,7,20,27,0.212121212,0.606060606,0.818181818,-3,30,2,57,12.3,30,26,25,7,0.21875,0.28,55.2
NYR,Metropolitan,Eastern,New York Rangers,Mika Zibanejad,32,"6'2""",208,Sweden,C,43,15,22,37,0.348837209,0.511627907,0.860465116,-10,6,5,115,13,30,65,59,16,0.213333333,0.271186441,51.6
BUF,Atlantic,Eastern,Buffalo Sabres,Rasmus Dahlin,25,"6'3""",193,Sweden,D,37,4,24,28,0.108108108,0.648648649,0.756756757,-9,37,1,99,4,43,30,64,17,0.209876543,0.265625,0
STL,Central,Western,St. Louis Blues,Philip Broberg,24,"6'3""",200,Sweden,D,44,2,12,14,0.045454545,0.272727273,0.318181818,-1,4,0,55,3.6,70,17,61,12,0.164383562,0.196721311,0
TBL,Atlantic,Eastern,Tampa Bay Lightning,Victor Hedman,35,"6'6""",229,Sweden,D,18,0,12,12,0,0.666666667,0.666666667,0,6,0,25,0,29,8,28,5,0.151515152,0.178571429,0
TOR,Atlantic,Eastern,Toronto Maple Leafs,Oliver Ekman-Larsson,34,"6'2""",200,Sweden,D,42,7,18,25,0.166666667,0.428571429,0.595238095,0,30,2,60,11.7,36,56,64,9,0.123287671,0.140625,0
CAR,Metropolitan,Eastern,Carolina Hurricanes,Jaccob Slavin,31,"6'3""",207,USA,D,5,0,0,0,0,0,0,-2,0,0,4,0,8,0,6,5,0.454545455,0.833333333,0
BOS,Atlantic,Eastern,Boston Bruins,Charlie McAvoy,28,"6'0""",208,USA,D,31,1,21,22,0.032258065,0.677419355,0.709677419,-6,32,0,49,2,59,41,34,16,0.32,0.470588235,0
OTT,Atlantic,Eastern,Ottawa Senators,Jake Sanderson,23,"6'3""",195,USA,D,42,8,23,31,0.19047619,0.547619048,0.738095238,6,4,2,89,9,80,15,49,23,0.319444444,0.469387755,0
BUF,Atlantic,Eastern,Buffalo Sabres,Tage Thompson,28,"6'6""",215,USA,C,41,21,17,38,0.512195122,0.414634146,0.926829268,-9,23,7,144,14.6,24,44,34,15,0.306122449,0.441176471,48.4
VGK,Pacific,Western,Vegas Golden Knights,Noah Hanifin,28,"6'3""",215,USA,D,31,2,14,16,0.064516129,0.451612903,0.516129032,-7,4,0,78,2.6,48,19,41,18,0.305084746,0.43902439,0
MIN,Central,Western,Minnesota Wild,Brock Faber,23,"6'0""",190,USA,D,44,9,15,24,0.204545455,0.340909091,0.545454545,10,10,3,94,9.6,103,16,58,25,0.301204819,0.431034483,0
TBL,Atlantic,Eastern,Tampa Bay Lightning,Jake Guentzel,31,"5'11""",180,USA,C,42,19,25,44,0.452380952,0.595238095,1.047619048,8,17,6,109,17.4,27,18,35,15,0.3,0.428571429,47.7
TOR,Atlantic,Eastern,Toronto Maple Leafs,Auston Matthews,28,"6'3""",220,USA,C,36,21,13,34,0.583333333,0.361111111,0.944444444,7,12,7,143,14.7,56,21,35,15,0.3,0.428571429,58.4
COL,Central,Western,Colorado Avalanche,Brock Nelson,34,"6'3""",212,USA,C,42,19,15,34,0.452380952,0.357142857,0.80952381,12,16,6,91,20.9,34,22,34,12,0.260869565,0.352941176,50.6
NYR,Metropolitan,Eastern,New York Rangers,Vincent Trocheck,32,"5'10""",183,USA,C,30,10,15,25,0.333333333,0.5,0.833333333,-8,18,3,51,19.6,24,100,34,12,0.260869565,0.352941176,54.8
MIN,Central,Western,Minnesota Wild,Matt Boldy,24,"6'2""",201,USA,LW,45,26,23,49,0.577777778,0.511111111,1.088888889,16,20,0,146,17.8,31,31,51,18,0.260869565,0.352941176,45.7
NJD,Metropolitan,Eastern,New Jersey Devils,Jack Hughes,24,"5'11""",170,USA,C,25,11,13,24,0.44,0.52,0.96,-4,0,3,93,11.8,11,2,47,15,0.241935484,0.319148936,34
OTT,Atlantic,Eastern,Ottawa Senators,Brady Tkachuk,26,"6'4""",212,USA,LW,22,7,13,20,0.318181818,0.590909091,0.909090909,-5,26,2,88,8,6,67,17,5,0.227272727,0.294117647,57.7
CBJ,Metropolitan,Eastern,Columbus Blue Jackets,Zach Werenski,28,"6'2""",212,USA,D,38,16,29,45,0.421052632,0.763157895,1.184210526,5,6,5,141,11.3,54,18,68,20,0.227272727,0.294117647,0
VGK,Pacific,Western,Vegas Golden Knights,Jack Eichel,29,"6'2""",203,USA,C,34,12,31,43,0.352941176,0.911764706,1.264705882,2,2,4,124,9.7,23,21,58,17,0.226666667,0.293103448,47.7
WPJ,Central,Western,Winnipeg Jets,Kyle Connor,29,"6'1""",182,USA,LW,41,20,29,49,0.487804878,0.707317073,1.195121951,5,8,6,141,14.2,6,10,32,9,0.219512195,0.28125,0
DET,Atlantic,Eastern,Detroit Red Wings,Dylan Larkin,29,"6'1""",198,USA,C,44,22,17,39,0.5,0.386363636,0.886363636,2,32,7,123,17.9,26,21,40,11,0.215686275,0.275,53.2
VAN,Pacific,Western,Minnesota Wild,Quinn Hughes,26,"5'10""",170,USA,D,38,3,33,36,0.078947368,0.868421053,0.947368421,-4,12,0,99,3.35,45,5,55,15,0.214285714,0.272727273,0
UTA,Central,Western,Utah Hockey Club,Clayton Keller,27,"5'10""",170,USA,RW,44,13,25,38,0.295454545,0.568181818,0.863636364,6,14,4,122,10.7,18,8,54,14,0.205882353,0.259259259,41.7
FLO,Atlantic,Eastern,Florida Panthers,Seth Jones,31,"6'4""",209,USA,D,40,6,18,24,0.15,0.45,0.6,-2,16,2,78,7.7,47,38,52,10,0.161290323,0.192307692,0
NYR,Metropolitan,Eastern,New York Rangers,J.T. Miller,32,"6'1""",218,USA,C,35,10,12,22,0.285714286,0.342857143,0.628571429,-11,10,3,77,13,12,74,35,5,0.125,0.142857143,59.9
