RANK,SEASON,TEAM,AVG_AGE,GP,W,L,OL,PTS,PTS_PCT,GF,GA,SOW,SOL,SRS,SOS,GF_GAME,GA_GAME,PP,PPO,PP_PCT,PPA,PPOA,PK_PCT,SH,SHA,PIM_GAME,OPIM_GAME,S,SHOT_PCT,SA,SAVE_PCT,SO,SHOT_PCT_EV,SAVE_PCT_EV,PDO,CF,CA,CORSI_PCT,FF,FA,FENWICK_PCT,X_GF,X_GA,A_GF,A_GA,AX_DIFF,SCF,SCA,SCF_PCT,HDF,HDA,HDF_PCT,HDGF,HDC_PCT,HDGA,HDCO_PCT
1,20182019,Tampa Bay Lightning,27.1,82,62,16,4,128,0.78,319,221,6,1,1.21,-0.05,3.89,2.7,74,262,28.24,40,267,85.02,12,3,9.5,9.4,2620,12.2,2633,0.916,6,8.9,0.927,101.7,3826,3595,51.6,2882,2733,51.3,185.1,172.6,206,157,37,1693,1660,50.5,380,325,53.9,71,15.7,62,16
2,20182019,Boston Bruins,28.7,82,49,24,9,107,0.652,257,212,2,3,0.52,-0.01,3.13,2.59,65,251,25.9,49,244,79.92,7,15,9.7,9.9,2680,9.6,2416,0.912,9,6.9,0.935,100.4,3872,3421,53.1,2955,2553,53.6,169.7,156.3,157,128,16,1579,1437,52.4,314,316,49.8,53,14.4,45,12.5
3,20182019,Calgary Flames,27.7,82,50,25,7,107,0.652,289,223,0,4,0.7,-0.06,3.52,2.72,53,275,19.27,50,246,79.67,18,7,8.5,9.8,2656,10.9,2302,0.903,3,8.4,0.924,100.8,3953,3386,53.9,2903,2560,53.1,184,155,188,149,10,1673,1549,51.9,357,332,51.8,71,16.6,44,11.7
4,20182019,Washington Capitals,28.8,82,48,26,8,104,0.634,274,248,4,1,0.35,-0.01,3.34,3.02,49,236,20.76,55,261,78.93,5,5,8.9,8.6,2492,11,2584,0.904,4,9.2,0.927,101.8,3715,3860,49,2768,2884,49,162.4,178,197,161,52,1624,1687,49,316,401,44.1,50,13.7,56,12.3
5,20182019,New York Islanders,28.4,82,48,27,7,103,0.628,223,191,5,5,0.38,-0.01,2.72,2.33,33,227,14.54,44,219,79.91,6,1,7.9,7.7,2360,9.4,2534,0.925,11,7.9,0.94,101.9,3548,3867,47.8,2616,2803,48.3,175.1,169.3,162,128,28,1631,1585,50.7,368,330,52.7,66,15.2,51,13.4
6,20182019,San Jose Sharks,29.4,82,46,27,9,101,0.616,289,258,0,3,0.3,-0.04,3.52,3.15,57,241,23.65,45,234,80.77,9,9,9.1,9.4,2708,10.7,2323,0.889,5,8.3,0.906,98.9,4138,3404,54.9,3021,2515,54.6,191,167.9,193,186,-16,1741,1563,52.7,431,334,56.3,69,13.8,59,15
7,20182019,Toronto Maple Leafs,27.5,82,46,28,8,100,0.61,286,249,0,2,0.42,-0.01,3.49,3.04,46,211,21.8,41,204,79.9,5,9,6.1,6.7,2736,10.5,2717,0.908,3,8.6,0.929,101.6,4396,4105,51.7,3184,3183,50,202,185.9,206,171,19,1930,1855,51,405,350,53.6,56,12.1,54,13.4
8,20182019,Pittsburgh Penguins,28.4,82,44,26,12,100,0.61,271,238,2,3,0.38,-0.01,3.3,2.9,56,228,24.56,45,222,79.73,12,15,8.4,8,2731,9.9,2729,0.913,7,7.6,0.935,101.2,3919,3964,49.7,2957,2943,50.1,189,172.7,182,150,16,1733,1617,51.7,392,341,53.5,56,12.5,40,10.5
9,20182019,Nashville Predators,28.9,82,47,29,6,100,0.61,236,212,4,2,0.31,-0.01,2.88,2.59,33,255,12.94,45,251,82.07,8,8,8.4,9.4,2677,8.8,2460,0.914,7,7.2,0.932,100.4,3904,3571,52.2,2952,2683,52.4,171.7,172,165,143,22,1617,1590,50.4,339,338,50.1,52,13.3,46,12
10,20182019,Winnipeg Jets,26.6,82,47,30,5,99,0.604,270,243,2,1,0.33,-0.02,3.29,2.96,62,250,24.8,52,250,79.2,10,7,9.3,8.7,2557,10.6,2741,0.911,3,7.8,0.929,100.6,3693,3853,48.9,2761,2900,48.8,159.1,173.2,168,163,19,1495,1601,48.3,317,372,46,57,15.2,64,14.7
11,20182019,Carolina Hurricanes,26.8,82,46,29,7,99,0.604,243,221,2,2,0.26,-0.01,2.96,2.7,44,247,17.81,44,239,81.59,8,8,7.5,8.7,2822,8.6,2343,0.906,6,6.7,0.927,99.4,4276,3528,54.8,3217,2656,54.8,197.1,153.9,161,148,-30,1879,1529,55.1,470,351,57.2,58,11,52,12.9
12,20182019,St. Louis Blues,28,82,45,28,9,99,0.604,244,220,3,3,0.28,-0.01,2.98,2.68,50,237,21.1,43,232,81.47,5,7,7.6,8.2,2604,9.4,2345,0.906,9,7.5,0.927,100.2,3718,3501,51.5,2786,2571,52,188.6,160.1,167,147,-9,1682,1584,51.5,365,297,55.1,57,13.5,58,16.3
13,20182019,Columbus Blue Jackets,26.6,82,47,31,4,98,0.598,256,231,2,1,0.31,-0.01,3.12,2.82,34,221,15.38,30,200,85,8,6,6.2,6.8,2592,9.9,2418,0.904,9,8.1,0.922,100.3,3748,3717,50.2,2910,2788,51.1,186.9,178.8,187,170,9,1672,1585,51.3,335,323,50.9,54,13.9,45,12.2
14,20182019,Montreal Canadiens,27.9,82,44,30,8,96,0.585,246,236,3,0,0.16,0,3,2.88,31,234,13.25,46,241,80.91,5,4,8.3,8.3,2796,8.8,2548,0.907,4,7.5,0.925,100.1,4362,3694,54.1,3139,2736,53.4,191.7,166.9,188,163,0,1748,1588,52.4,404,332,54.9,64,13.7,52,13.5
15,20182019,Vegas Golden Knights,29.2,82,43,32,7,93,0.567,246,228,3,2,0.19,-0.04,3,2.78,39,232,16.81,44,230,80.87,11,2,7.1,7.2,2814,8.7,2399,0.905,9,7.2,0.922,99.4,4184,3515,54.3,3068,2595,54.2,196.1,168.3,173,162,-17,1796,1555,53.6,420,345,54.9,60,12.5,55,13.8
16,20182019,Dallas Stars,28.3,82,43,32,7,93,0.567,209,200,1,2,0.09,0,2.55,2.44,45,214,21.03,41,238,82.77,4,2,7.7,7.3,2519,8.3,2591,0.923,10,6.4,0.939,100.3,3632,3887,48.3,2664,2836,48.4,175,170.8,136,134,-2,1633,1555,51.2,373,335,52.7,48,11.4,42,11.1
17,20182019,Colorado Avalanche,27,82,38,30,14,90,0.549,258,244,2,2,0.17,-0.01,3.15,2.98,63,286,22.03,58,272,78.68,9,5,9.4,9.6,2676,9.6,2619,0.907,5,7.1,0.928,99.9,3695,3716,49.9,2727,2701,50.2,175.7,167.1,157,154,-6,1618,1537,51.3,342,359,48.8,57,14.3,53,12.9
18,20182019,Arizona Coyotes,27.2,82,39,35,8,86,0.524,209,220,4,3,-0.14,-0.02,2.55,2.68,42,258,16.28,34,226,84.96,16,9,7.1,8.2,2522,8.3,2526,0.913,6,6.2,0.927,99,3738,3908,48.9,2769,2837,49.4,159.1,169.1,132,157,-15,1559,1585,49.6,365,380,49,30,7.6,59,13.4
19,20182019,Florida Panthers,28,82,36,32,14,86,0.524,264,273,3,7,-0.14,0.02,3.22,3.33,72,269,26.77,43,230,81.3,3,13,8.4,9.2,2705,9.8,2516,0.891,1,7.3,0.914,98.7,3642,3730,49.4,2792,2795,50,162.4,173,162,190,-17,1523,1533,49.8,296,369,44.5,62,17.3,64,14.8
20,20182019,Chicago Blackhawks,28.5,82,36,34,12,84,0.512,267,291,3,1,-0.25,0.02,3.26,3.55,48,238,20.17,63,231,72.73,6,7,7.3,7.1,2669,10,2852,0.898,2,7.9,0.925,100.4,3833,3940,49.3,2800,2988,48.4,174.2,205.7,183,185,30,1609,1866,46.3,300,436,40.8,47,13.5,69,13.7
21,20182019,Minnesota Wild,29.5,82,37,36,9,83,0.506,210,233,1,4,-0.3,0.02,2.56,2.84,49,241,20.33,44,240,81.67,5,4,8,8.5,2567,8.2,2419,0.904,2,6.4,0.923,98.6,3812,3670,50.9,2868,2662,51.9,170.4,145.5,141,156,-40,1626,1386,54,358,279,56.2,48,11.8,46,14.2
22,20182019,Philadelphia Flyers,26.6,82,37,37,8,82,0.5,241,280,3,1,-0.42,0.03,2.94,3.41,40,234,17.09,51,237,78.48,4,11,8.9,8.3,2583,9.3,2665,0.895,3,7.7,0.917,99.4,3698,3939,48.4,2739,2863,48.9,164.3,170.8,165,191,-20,1497,1571,48.8,357,364,49.5,76,17.6,61,14.4
23,20182019,Vancouver Canucks,26.9,82,35,36,11,81,0.494,219,248,6,6,-0.35,0.01,2.67,3.02,43,251,17.13,48,254,81.1,7,8,8.8,8.7,2433,9,2597,0.905,1,7.2,0.923,99.5,3553,3863,47.9,2651,2867,48,150.6,181,146,175,1,1488,1716,46.4,295,361,45,38,11.4,60,14.3
24,20182019,Anaheim Ducks,27.5,82,35,37,10,80,0.488,196,248,3,3,-0.63,0.01,2.39,3.02,36,212,16.98,55,271,79.7,5,10,9,7.2,2271,8.6,2725,0.909,4,6.9,0.931,99.9,3595,3957,47.6,2672,2984,47.2,151.9,186.6,136,154,17,1517,1771,46.1,294,397,42.5,37,11.2,59,12.9
25,20182019,Edmonton Oilers,27.2,82,35,38,9,79,0.482,229,271,3,3,-0.51,0.01,2.79,3.3,47,222,21.17,62,246,74.8,10,7,9.2,7.7,2392,9.6,2599,0.896,5,7.1,0.921,99.3,3552,3850,48,2629,2876,47.8,162.5,174.6,146,179,-21,1527,1664,47.9,330,353,48.3,47,12.5,49,12.2
26,20182019,New York Rangers,27.4,82,32,36,14,78,0.476,221,267,6,5,-0.52,0.03,2.7,3.26,44,227,19.38,58,266,78.2,7,4,10.4,8.5,2393,9.2,2774,0.904,2,7.2,0.925,99.7,3384,3960,46.1,2566,2969,46.4,167.7,185.4,145,173,-10,1506,1747,46.3,358,381,48.4,56,13.5,52,12
27,20182019,Buffalo Sabres,26.6,82,33,39,10,76,0.463,221,268,5,3,-0.51,0.04,2.7,3.27,46,236,19.49,41,215,80.93,3,9,7,7.5,2697,8.2,2704,0.901,2,6.7,0.922,98.9,3754,3759,50,2913,2934,49.8,167.3,183.9,154,185,-14,1562,1662,48.4,303,338,47.3,54,15.1,57,14.4
28,20182019,Detroit Red Wings,29.3,82,32,40,10,74,0.451,224,272,3,5,-0.57,0.04,2.73,3.32,39,216,18.06,56,245,77.14,7,7,7.9,7.3,2394,9.4,2761,0.901,2,7.2,0.925,99.8,3505,3937,47.1,2606,3024,46.3,157.3,190,147,178,2,1532,1738,46.9,293,387,43.1,42,12.5,53,12
29,20182019,New Jersey Devils,27.5,82,31,41,10,72,0.439,219,271,3,4,-0.61,0.04,2.67,3.3,45,254,17.72,40,255,84.31,10,10,9.1,9,2488,8.8,2592,0.895,6,7.1,0.918,98.9,3386,3836,46.9,2632,2910,47.5,161.2,165.9,147,184,-32,1474,1527,49.1,307,306,50.1,53,14.7,56,15.5
30,20182019,Los Angeles Kings,29.3,82,31,42,9,71,0.433,199,259,3,4,-0.73,0.02,2.43,3.16,35,221,15.84,54,230,76.52,4,13,8.1,8,2358,8.4,2578,0.9,5,7,0.924,99.4,3623,3911,48.1,2675,2939,47.6,149.5,171,141,170,-8,1547,1645,48.5,310,322,49.1,36,10.4,51,13.7
31,20182019,Ottawa Senators,27.3,82,29,47,6,64,0.39,242,301,0,1,-0.69,0.05,2.95,3.67,46,226,20.35,45,216,79.17,4,8,8.5,8.3,2429,10,2931,0.897,4,8.1,0.915,99.6,3612,4422,45,2717,3251,45.5,165.6,192.9,172,219,-20,1529,1752,46.6,358,398,47.4,58,13.9,69,14.8
1,20192020,Boston Bruins,29.1,70,44,14,12,100,0.714,227,167,0,7,0.74,-0.02,3.24,2.39,57,226,25.22,34,215,84.19,5,7,9.7,10.5,2247,10.1,2103,0.921,8,7.8,0.937,101.5,3003,2905,50.8,2287,2208,50.9,133.2,122.4,141,106,24,1366,1307,51.1,368,405,47.6,62,14.4,48,10.6
2,20192020,St. Louis Blues,28.4,71,42,19,10,94,0.662,223,190,2,3,0.47,0.02,3.14,2.68,49,202,24.26,42,203,79.31,5,6,7.2,7.4,2179,10.2,2100,0.91,5,8.1,0.932,101.3,2944,2845,50.9,2262,2196,50.7,145.4,140.5,151,117,29,1414,1459,49.2,368,447,45.2,52,12.4,47,9.5
3,20192020,Tampa Bay Lightning,27.7,70,43,21,6,92,0.657,243,194,2,1,0.71,0,3.47,2.77,49,211,23.22,43,231,81.39,6,7,10.3,9.9,2176,11.2,2165,0.91,4,8.8,0.93,101.9,3113,2856,52.2,2331,2197,51.5,147.9,135.8,162,123,27,1524,1344,53.1,485,377,56.3,73,13.1,49,11.5
4,20192020,Colorado Avalanche,26.8,70,42,20,8,92,0.657,236,190,1,1,0.64,-0.02,3.37,2.71,46,241,19.09,39,210,81.43,8,6,8.5,10,2257,10.5,2193,0.913,4,8.4,0.934,101.9,3242,3034,51.7,2379,2244,51.5,146.8,134.8,162,117,33,1467,1367,51.8,428,411,51,52,10.8,53,11.4
5,20192020,Washington Capitals,29,69,41,20,8,90,0.652,236,212,4,3,0.41,0.04,3.42,3.07,42,216,19.44,42,241,82.57,6,9,10.1,9.5,2206,10.7,2084,0.898,1,8.6,0.92,100.5,3096,2907,51.6,2319,2202,51.3,140.4,138.6,155,141,12,1481,1327,52.7,477,456,51.1,76,13.7,58,11.3
6,20192020,Philadelphia Flyers,27.2,69,41,21,7,89,0.645,227,191,5,5,0.52,0,3.29,2.77,47,226,20.8,38,209,81.82,8,6,7.6,9,2166,10.5,1977,0.903,3,8.6,0.92,100.6,2953,2826,51.1,2222,2135,51,139.1,129.7,154,135,10,1395,1316,51.5,441,405,52.1,69,13.5,60,12.9
7,20192020,Vegas Golden Knights,29.2,71,39,24,8,86,0.606,224,209,3,2,0.21,-0.02,3.15,2.94,42,191,21.99,50,214,76.64,9,3,8,7.3,2450,9.1,2082,0.9,6,7.3,0.917,99,3531,2907,54.8,2670,2179,55.1,178.8,132.3,151,145,-41,1754,1351,56.5,545,430,55.9,66,10.8,66,13.3
8,20192020,Pittsburgh Penguins,27.7,69,40,23,6,86,0.623,221,196,3,0,0.39,-0.02,3.2,2.84,42,211,19.91,34,190,82.11,6,5,7.5,8.2,2204,10,2051,0.904,4,8.1,0.922,100.2,3030,2914,51,2313,2180,51.5,147.6,137.3,152,138,4,1412,1316,51.8,432,414,51.1,77,15.1,61,12.8
9,20192020,Edmonton Oilers,28,71,37,25,9,83,0.585,223,215,2,2,0.09,-0.02,3.14,3.03,59,200,29.5,31,199,84.42,3,10,8.1,7.6,2100,10.6,2274,0.905,2,8,0.918,99.8,2987,3255,47.9,2255,2412,48.3,140.2,146.7,143,157,-8,1389,1505,48,397,448,47,60,13.1,66,12.8
10,20192020,Dallas Stars,29.4,69,37,24,8,82,0.594,178,174,2,3,0.09,0.05,2.58,2.52,42,199,21.11,44,217,79.72,5,4,8.2,7.4,2113,8.4,2177,0.92,2,6.3,0.936,99.9,2989,3054,49.5,2196,2249,49.4,142,136.2,109,112,-9,1474,1373,51.8,460,421,52.2,58,11.2,53,11.2
11,20192020,Columbus Blue Jackets,26.2,70,33,22,15,81,0.579,180,183,0,4,-0.12,-0.02,2.57,2.61,31,189,16.4,31,169,81.66,3,5,6.5,6.6,2272,7.9,2092,0.913,7,6.4,0.933,99.6,3116,3223,49.2,2413,2325,50.9,140.6,129.2,125,122,-8,1386,1380,50.1,393,382,50.7,50,11.3,53,12.2
12,20192020,Toronto Maple Leafs,26.8,70,36,25,9,81,0.579,237,222,1,5,0.15,-0.01,3.39,3.17,45,195,23.08,43,193,77.72,5,7,6.7,6.7,2302,10.3,2233,0.901,4,8.1,0.917,99.8,3406,3162,51.9,2550,2436,51.1,159.5,152.7,159,158,-6,1644,1528,51.8,490,460,51.6,69,12.3,76,14.2
13,20192020,Carolina Hurricanes,26.7,68,38,25,5,81,0.596,217,193,5,0,0.41,-0.02,3.19,2.84,46,206,22.33,39,243,83.95,10,4,8.6,8.4,2261,9.6,1994,0.903,6,7.6,0.919,99.5,3194,2692,54.3,2415,2090,53.6,145.8,135.3,142,136,-5,1516,1301,53.8,508,401,55.9,65,11.3,56,12.3
14,20192020,Winnipeg Jets,26.5,71,37,28,6,80,0.563,213,201,3,2,0.17,-0.01,3,2.83,42,205,20.49,39,174,77.59,6,3,7.4,8.6,2222,9.6,2315,0.913,6,7.5,0.929,100.4,3140,3319,48.6,2355,2586,47.7,135,163.1,138,142,24,1400,1633,46.2,406,545,42.7,57,12.3,70,11.4
15,20192020,New York Islanders,28.8,68,35,23,10,80,0.588,189,190,3,3,0.01,0.02,2.78,2.79,29,168,17.26,34,176,80.68,6,5,8.5,7.8,2016,9.4,2123,0.911,3,7.4,0.928,100.3,2957,3402,46.5,2167,2471,46.7,148.1,148.9,128,133,-4,1437,1507,48.8,454,461,49.6,57,11.2,65,12.4
16,20192020,Calgary Flames,27.7,70,36,27,7,79,0.564,204,214,6,1,-0.08,-0.01,2.91,3.06,41,193,21.24,35,196,82.14,6,9,8.8,8.5,2212,9.2,2271,0.906,4,7.1,0.923,99.4,3285,3246,50.3,2465,2496,49.7,148,145.6,133,149,-18,1555,1493,51,453,426,51.5,64,12.4,50,10.5
17,20192020,New York Rangers,26.2,70,37,28,5,79,0.564,233,220,1,2,0.15,-0.03,3.33,3.14,52,227,22.91,52,230,77.39,8,6,11.2,10.2,2175,10.7,2381,0.908,3,8.3,0.926,100.9,2952,3361,46.8,2274,2511,47.5,144.6,151.5,151,142,16,1428,1617,46.9,422,553,43.3,59,12.3,59,9.6
18,20192020,Vancouver Canucks,27.5,69,36,27,6,78,0.565,224,214,4,3,0.13,-0.03,3.25,3.1,57,236,24.15,42,215,80.47,5,4,9.3,9.5,2153,10.4,2297,0.907,2,8,0.923,100.4,3005,3212,48.3,2275,2359,49.1,138,152.7,142,146,11,1454,1557,48.3,463,457,50.3,61,11.6,67,12.8
19,20192020,Florida Panthers,28.2,69,35,26,8,78,0.565,228,224,3,4,0.05,0.01,3.3,3.25,45,211,21.33,40,186,78.49,4,5,7.2,8.6,2253,10.1,2227,0.899,2,8.4,0.917,100.2,3032,3076,49.6,2298,2305,49.9,137.8,148.1,159,154,15,1389,1404,49.7,401,481,45.5,63,13.6,63,11.6
20,20192020,Nashville Predators,29.1,69,35,26,8,78,0.565,212,214,3,3,-0.03,-0.01,3.07,3.1,39,226,17.26,51,213,76.06,6,8,9,9.5,2287,9.3,2157,0.901,7,7.8,0.925,100.3,3272,3157,50.9,2487,2339,51.5,139.1,145.3,150,137,19,1403,1428,49.6,410,416,49.6,73,15.1,61,12.8
21,20192020,Minnesota Wild,29.4,69,35,27,7,77,0.558,218,217,2,3,0.01,0.01,3.16,3.14,46,216,21.3,47,206,77.18,3,6,8.1,8.5,2077,10.5,2115,0.897,6,8.9,0.921,101,3028,3073,49.6,2267,2288,49.8,134.8,120.3,161,141,6,1316,1221,51.9,445,351,55.9,65,12.7,54,13.3
22,20192020,Arizona Coyotes,28.2,70,33,29,8,74,0.529,190,183,5,4,0.11,0,2.71,2.61,41,214,19.16,34,197,82.74,5,5,6.5,7.4,2220,8.6,2270,0.919,4,7,0.933,100.3,3111,3328,48.3,2359,2526,48.3,138.4,142.3,129,126,7,1407,1548,47.6,465,461,50.2,58,11.1,59,11.3
23,20192020,Chicago Blackhawks,28.1,70,32,30,8,72,0.514,208,214,4,4,-0.05,0.04,2.97,3.06,33,217,15.21,37,207,82.13,6,8,7.8,8.2,2227,9.3,2458,0.913,1,7.9,0.928,100.7,3082,3258,48.6,2269,2440,48.2,154.2,171.6,146,147,16,1505,1645,47.8,449,524,46.1,64,12.5,66,11.2
24,20192020,Montreal Canadiens,28.4,71,31,31,9,71,0.5,208,220,4,1,-0.12,0.01,2.93,3.1,33,186,17.74,45,211,78.67,6,5,7.7,6.7,2422,8.6,2208,0.9,4,7,0.923,99.3,3622,3025,54.5,2657,2280,53.8,163,135.1,147,141,-22,1633,1380,54.2,553,434,56,67,10.8,65,13
25,20192020,New Jersey Devils,26.9,69,28,29,12,68,0.493,185,224,4,6,-0.57,0.02,2.68,3.25,42,234,17.95,39,221,82.35,9,10,9.7,9.2,2117,8.7,2256,0.901,4,7.2,0.919,99.1,2805,3267,46.2,2154,2428,47,133.2,151.1,121,155,-16,1279,1536,45.4,361,423,46,53,12.8,55,11.5
26,20192020,Buffalo Sabres,26.5,69,30,31,8,68,0.493,193,215,2,2,-0.34,-0.03,2.8,3.12,37,196,18.88,47,185,74.59,5,11,6.9,6.9,2021,9.5,2148,0.9,3,7.7,0.925,100.2,2795,2902,49.1,2150,2277,48.6,127.5,142,129,136,8,1303,1361,48.9,392,405,49.2,61,13.5,65,13.8
27,20192020,Anaheim Ducks,27.8,71,29,33,9,67,0.472,182,225,5,1,-0.53,0.02,2.56,3.17,27,184,14.67,49,213,77,10,5,10.2,8.5,2106,8.6,2282,0.901,1,7.2,0.924,99.6,3112,3329,48.3,2385,2556,48.3,137,154.6,129,148,-1,1463,1606,47.7,407,478,46,46,10.2,69,12.6
28,20192020,Los Angeles Kings,28.6,70,29,35,6,64,0.457,177,209,1,3,-0.48,0.01,2.53,2.99,33,193,17.1,43,190,77.37,5,1,6.8,7.5,2325,7.6,2079,0.899,1,6,0.921,98.1,3418,3027,53,2585,2326,52.6,142.3,139.2,117,141,-27,1489,1506,49.7,512,448,53.3,59,10.3,63,12.3
29,20192020,San Jose Sharks,29.5,70,29,36,5,63,0.45,180,225,2,1,-0.62,0.01,2.57,3.21,33,189,17.46,32,224,85.71,7,6,10.3,9.4,2101,8.6,2140,0.895,2,7,0.91,98,3069,3011,50.5,2250,2250,50,140.1,148.6,123,161,-30,1426,1495,48.8,482,462,51.1,52,9.7,72,13.5
30,20192020,Ottawa Senators,27.7,71,25,34,12,62,0.437,190,238,1,5,-0.76,-0.02,2.68,3.35,30,211,14.22,55,230,76.09,15,6,9.6,9.2,2174,8.7,2384,0.9,0,7.2,0.921,99.3,3167,3404,48.2,2392,2536,48.5,139.7,148.5,130,158,-19,1515,1545,49.5,504,473,51.6,66,11.6,68,12.6
31,20192020,Detroit Red Wings,28.6,71,17,49,5,39,0.275,142,265,3,2,-1.7,0.02,2,3.73,32,215,14.88,58,226,74.34,4,13,8.4,8.1,1924,7.4,2329,0.886,1,5.9,0.913,97.2,2653,3136,45.8,2031,2405,45.8,124.6,152.6,93,168,-47,1236,1504,45.1,354,470,43,44,11.1,81,14.7
1,20202021,Vegas Golden Knights,29.2,56,40,14,2,82,0.732,190,122,1,2,1.05,-0.15,3.39,2.18,31,174,17.82,19,144,86.81,4,2,7.3,7.9,1829,10.4,1527,0.92,7,9,0.926,101.6,2643,2308,53.4,1911,1657,53.6,132.5,113,134,96,19,879,554,61.3,266,150,63.9,40,13.1,24,13.8
2,20202021,Colorado Avalanche,27.1,56,39,13,4,82,0.732,197,132,0,1,1,-0.14,3.52,2.36,47,207,22.71,30,177,83.05,1,3,8.9,10.4,1937,10.2,1423,0.907,8,8.3,0.921,100.4,2757,1908,59.1,2006,1415,58.6,131.9,89.4,131,88,1,870,419,67.5,235,102,69.7,27,10.3,12,10.5
3,20202021,Carolina Hurricanes,27.1,56,36,12,8,80,0.714,175,134,4,2,0.67,-0.1,3.13,2.39,42,164,25.61,26,176,85.23,7,6,7.4,7,1794,9.8,1581,0.915,6,7.1,0.937,100.8,2541,2180,53.8,1914,1666,53.5,123.1,110.4,105,81,11,776,566,57.8,205,136,60.1,16,7.2,13,8.7
4,20202021,Florida Panthers,28.1,56,37,14,5,79,0.705,188,151,1,2,0.56,-0.08,3.36,2.7,39,190,20.53,34,168,79.76,4,4,10.1,10.8,1954,9.6,1682,0.91,3,7.4,0.927,100.1,2392,2066,53.7,1864,1594,53.9,129.1,103.9,114,95,-6,756,528,58.9,203,140,59.2,31,13.2,22,13.6
5,20202021,Washington Capitals,30.6,56,36,15,5,77,0.688,188,161,3,2,0.44,-0.06,3.36,2.88,38,153,24.84,26,162,83.95,2,8,9.4,9.2,1647,11.4,1612,0.9,4,9.3,0.921,101.4,2350,2291,50.6,1772,1754,50.3,110.4,102.3,131,107,16,722,478,60.2,189,111,63,22,10.4,16,12.6
6,20202021,Toronto Maple Leafs,29,56,35,14,7,77,0.688,186,148,1,0,0.6,-0.1,3.32,2.64,31,155,20,31,144,78.47,3,7,7,7.4,1751,10.6,1558,0.905,3,9,0.927,101.7,2370,2281,51,1821,1701,51.7,137.9,105,131,95,3,833,539,60.7,206,131,61.1,38,15.6,15,10.3
7,20202021,Pittsburgh Penguins,28.4,56,37,16,3,77,0.688,193,155,3,1,0.62,-0.09,3.45,2.77,36,152,23.68,35,155,77.42,6,4,7.1,7.1,1684,11.5,1679,0.908,5,8.8,0.928,101.6,2250,2202,50.5,1722,1678,50.6,111.3,114.1,123,98,28,505,656,43.5,122,194,38.6,24,16.4,26,11.8
8,20202021,Tampa Bay Lightning,28.4,56,36,17,3,75,0.67,180,145,1,2,0.53,-0.08,3.21,2.59,40,180,22.22,29,183,84.15,3,3,10.7,10.9,1692,10.6,1583,0.908,6,8,0.928,100.8,2231,2026,52.4,1702,1558,52.2,117.2,109.8,109,92,10,511,691,42.5,136,177,43.5,27,16.6,22,11.1
9,20202021,Minnesota Wild,29.3,56,35,16,5,75,0.67,180,159,1,1,0.33,-0.05,3.21,2.84,29,165,17.58,31,161,80.75,2,3,8.9,8.9,1585,11.4,1705,0.907,4,9.7,0.923,102,2114,2465,46.2,1625,1820,47.2,111.6,107.5,126,107,15,659,522,55.8,188,127,59.7,35,15.7,22,14.8
10,20202021,Boston Bruins,28.7,56,33,16,7,73,0.652,164,134,4,2,0.5,-0.07,2.93,2.39,35,160,21.88,25,178,85.96,9,6,9.5,8.9,1866,8.8,1516,0.912,6,6.9,0.925,99.4,2492,2103,54.2,1957,1588,55.2,115.2,96.1,106,91,-4,567,604,48.4,140,163,46.2,18,11.4,21,11.4
11,20202021,Edmonton Oilers,28.7,56,35,19,2,72,0.643,183,154,0,0,0.44,-0.08,3.27,2.75,48,174,27.59,27,154,82.47,2,4,7.8,8.3,1674,10.9,1717,0.91,3,8.1,0.92,100.2,2328,2429,48.9,1735,1808,49,117.2,118.5,112,115,-2,468,818,36.4,121,223,35.2,18,12.9,27,10.8
12,20202021,New York Islanders,29.2,56,32,17,7,71,0.634,152,125,4,3,0.44,-0.06,2.71,2.23,27,144,18.75,22,135,83.7,4,0,6.6,6.8,1623,9.4,1590,0.921,10,7.9,0.935,101.4,2271,2406,48.6,1715,1757,49.4,125.6,105.3,110,88,2,541,670,44.7,140,157,47.1,17,10.8,19,10.8
13,20202021,Nashville Predators,28.5,56,31,23,2,64,0.571,151,154,5,0,0.03,0,2.7,2.75,28,159,17.61,42,172,75.58,6,2,9.2,7.9,1679,9,1753,0.912,5,7.4,0.937,101.1,2313,2329,49.8,1805,1758,50.7,110.6,117,104,90,20,497,703,41.4,97,169,36.5,14,12.6,20,10.6
14,20202021,St. Louis Blues,28.6,56,27,20,9,63,0.563,167,167,2,3,-0.02,0,2.98,2.98,36,155,23.23,38,171,77.78,6,1,8.1,7.5,1622,10.3,1670,0.9,1,7.9,0.919,99.8,2140,2342,47.7,1580,1739,47.6,95.9,108.8,102,110,5,479,724,39.8,120,194,38.2,20,14.3,27,12.2
15,20202021,Winnipeg Jets,28.3,56,30,23,3,63,0.563,170,152,0,2,0.25,-0.04,3.04,2.71,37,161,22.98,29,149,80.54,3,3,7.2,7.9,1661,10.2,1713,0.911,5,8.1,0.928,101,2210,2386,48.1,1649,1789,48,105.4,127.3,107,98,31,686,625,52.3,172,172,50,25,12.7,15,8
16,20202021,Dallas Stars,28.5,56,23,19,14,60,0.536,156,148,2,6,0.06,-0.01,2.79,2.64,37,157,23.57,32,153,79.08,3,4,7.3,7.7,1699,9.2,1518,0.903,4,7.1,0.925,99.6,2424,2172,52.7,1784,1616,52.5,115.8,95.6,99,91,-12,714,492,59.2,182,115,61.3,25,12.1,22,16.1
17,20202021,New York Rangers,25.8,56,27,23,6,60,0.536,176,155,1,2,0.31,-0.05,3.14,2.77,37,179,20.67,30,169,82.25,8,4,10.1,11,1607,11,1664,0.907,5,8.7,0.925,101.2,2150,2418,47.1,1655,1827,47.5,102.6,116.3,116,106,24,677,519,56.6,187,133,58.4,25,11.8,17,11.3
18,20202021,Montreal Canadiens,28.9,56,24,21,11,59,0.527,158,165,1,3,-0.14,0.02,2.82,2.95,29,151,19.21,37,172,78.49,9,2,8.3,7.5,1746,9,1579,0.896,1,7,0.919,99,2610,2185,54.4,1888,1629,53.7,117.1,101.3,103,101,-14,752,557,57.4,216,146,59.7,28,11.5,25,14.6
19,20202021,Philadelphia Flyers,27.8,56,25,23,8,58,0.518,160,197,3,4,-0.59,0.08,2.86,3.52,32,167,19.16,45,167,73.05,1,6,8,7.6,1692,9.5,1636,0.88,3,7.8,0.903,98.1,2368,2189,52,1771,1669,51.5,106.3,107.5,107,132,-24,695,483,59,193,121,61.5,30,13.5,16,11.7
20,20202021,Chicago Blackhawks,27,56,24,25,7,55,0.491,159,184,2,2,-0.39,0.06,2.84,3.29,38,175,21.71,35,151,76.82,3,7,6.6,7.7,1635,9.7,1888,0.903,4,7.6,0.92,99.6,2138,2519,45.9,1547,1887,45,115,137.9,99,124,-2,654,648,50.2,167,159,51.2,25,13,23,12.6
21,20202021,Calgary Flames,28.6,56,26,27,3,55,0.491,155,160,1,1,-0.08,0.01,2.77,2.86,32,175,18.29,34,172,80.23,2,7,8,8.4,1689,9.2,1577,0.899,4,8.1,0.92,100.1,2371,2102,53,1793,1613,52.6,115.5,101.8,111,103,-6,655,527,55.4,176,136,56.4,21,10.7,25,15.5
22,20202021,Arizona Coyotes,28.3,56,24,26,6,54,0.482,150,174,3,2,-0.36,0.05,2.68,3.11,37,178,20.79,32,167,80.84,2,4,8,8.5,1538,9.8,1706,0.898,4,7.7,0.918,99.5,2243,2380,48.5,1684,1788,48.5,104,121.5,98,115,1,553,803,40.8,139,210,39.8,19,12,30,12.5
23,20202021,Ottawa Senators,26.1,56,23,28,5,51,0.455,155,189,2,1,-0.51,0.08,2.77,3.38,27,174,15.52,36,171,78.95,7,5,9.1,9.5,1663,9.3,1799,0.895,2,7.7,0.914,99,2395,2518,48.7,1806,1888,48.9,104,120.8,105,129,-7,515,803,39.1,129,212,37.8,17,11.6,30,12.4
24,20202021,Vancouver Canucks,27.7,56,23,29,4,50,0.446,148,187,3,1,-0.56,0.1,2.64,3.34,27,155,17.42,37,183,79.78,6,4,9.8,8.2,1629,9.1,1870,0.9,1,7.5,0.917,99.3,2214,2597,46,1675,1939,46.3,113.2,135.5,100,128,-6,658,698,48.5,177,177,50,28,13.7,38,17.7
25,20202021,Los Angeles Kings,27.5,56,21,28,7,49,0.438,142,169,1,1,-0.42,0.06,2.54,3.02,32,169,18.93,26,159,83.65,3,3,7.1,8,1587,8.9,1746,0.903,2,7.3,0.916,98.9,2206,2385,48.1,1686,1802,48.3,103.1,126.3,96,118,1,677,648,51.1,175,188,48.2,27,13.4,14,6.9
26,20202021,San Jose Sharks,29,56,21,28,7,49,0.438,146,196,5,3,-0.75,0.11,2.61,3.5,22,156,14.1,36,184,80.43,5,4,9.2,7.8,1682,8.7,1791,0.891,2,7.5,0.91,98.6,2330,2537,47.9,1758,1894,48.1,123.7,119.2,103,134,-36,604,789,43.4,167,233,41.8,22,11.6,37,13.7
27,20202021,Detroit Red Wings,29.3,56,19,27,10,48,0.429,125,168,2,3,-0.69,0.1,2.23,3,17,149,11.41,33,155,78.71,0,4,7.3,7.2,1528,8.2,1786,0.906,2,7,0.926,99.5,1979,2391,45.3,1521,1832,45.4,102.3,118.3,85,108,-7,575,554,50.9,143,128,52.8,23,13.9,19,12.9
28,20202021,Columbus Blue Jackets,27.1,56,18,26,12,48,0.429,134,184,3,3,-0.78,0.11,2.39,3.29,18,117,15.38,28,133,78.95,6,2,7,6.4,1625,8.2,1815,0.899,2,6.8,0.919,98.7,2236,2571,46.5,1714,1940,46.9,102.4,122.4,94,128,-14,480,781,38.1,106,215,33,12,10.2,32,13
29,20202021,New Jersey Devils,25.9,56,19,30,7,45,0.402,145,189,0,5,-0.77,0.11,2.59,3.38,22,155,14.19,43,148,70.95,3,5,6.7,6.8,1612,9,1737,0.891,3,7.4,0.917,99.1,2366,2327,50.4,1787,1835,49.3,112.9,121.9,101,122,-12,560,688,44.9,146,182,44.5,19,11.5,29,13.7
30,20202021,Anaheim Ducks,28.2,56,17,30,9,43,0.384,124,177,2,2,-0.83,0.12,2.21,3.16,11,123,8.94,33,164,79.88,2,5,8.9,7.3,1500,8.3,1712,0.897,4,7.9,0.915,99.3,2290,2398,48.8,1677,1812,48.1,102.5,119.4,100,122,-5,539,801,40.2,146,232,38.6,18,11,42,15.3
31,20202021,Buffalo Sabres,26.9,56,15,34,7,37,0.33,134,196,4,3,-0.95,0.14,2.39,3.5,30,143,20.98,31,139,77.7,5,5,6.1,6,1592,8.4,1889,0.896,0,6.4,0.915,97.9,2189,2500,46.7,1720,1991,46.3,104.8,125.4,86,136,-29,527,696,43.1,149,205,42.1,19,11.3,30,12.8
1,20212022,Florida Panthers,27.8,82,58,18,6,122,0.744,337,242,3,4,1.07,-0.08,4.11,2.95,64,262,24.43,53,259,79.54,12,8,10.1,10.8,3062,11,2515,0.904,5,8.5,0.919,100.4,4142,3178,56.6,3101,2410,56.3,230.4,171.1,218,161,-2,2253,1714,56.8,706,597,54.2,90,11.3,64,9.7
2,20212022,Colorado Avalanche,28.2,82,56,19,7,119,0.726,308,232,4,2,0.91,-0.04,3.76,2.83,67,279,24.01,48,236,79.66,6,5,9,10.4,2874,10.7,2625,0.912,7,8.5,0.927,101.2,3847,3411,53,2800,2583,52,187.3,175.6,198,153,33,1885,1729,52.2,544,582,48.3,75,12.1,75,11.4
3,20212022,Carolina Hurricanes,28.3,82,54,20,8,116,0.707,277,200,1,2,0.88,-0.05,3.38,2.44,51,232,21.98,33,276,88.04,4,3,9.2,7.7,2798,9.9,2310,0.913,6,8.2,0.927,100.8,4038,3130,56.3,3112,2456,55.9,189.6,163,193,141,25,1944,1647,54.1,666,528,55.8,90,11.9,66,11.1
4,20212022,Toronto Maple Leafs,28.4,82,54,21,7,115,0.701,312,252,3,1,0.69,-0.06,3.8,3.07,63,231,27.27,42,234,82.05,13,4,8.6,8.5,2835,11,2511,0.9,7,8.6,0.915,100.2,3980,3469,53.4,3005,2663,53,211.6,168.5,208,182,-17,2168,1803,54.6,629,496,55.9,81,11.4,75,13.1
5,20212022,Minnesota Wild,29.4,82,53,22,7,113,0.689,305,249,5,4,0.68,-0.02,3.72,3.04,53,258,20.54,63,264,76.14,2,5,10.8,10.8,2666,11.4,2577,0.903,3,9.3,0.926,101.9,3564,3390,51.3,2702,2563,51.3,185.3,153.8,207,150,26,1800,1514,54.3,516,425,54.8,83,13.9,60,12.4
6,20212022,Calgary Flames,28.8,82,50,21,11,111,0.677,291,206,2,2,0.99,-0.05,3.55,2.51,54,236,22.88,42,250,83.2,7,3,9.1,8.6,2908,10,2374,0.913,11,8,0.929,100.9,4108,3263,55.7,3139,2532,55.4,198.9,156.2,196,139,14,2040,1606,56,578,470,55.2,66,10.2,54,10.3
7,20212022,Tampa Bay Lightning,29.6,82,51,23,8,110,0.671,285,228,2,5,0.64,-0.02,3.48,2.78,62,259,23.94,49,252,80.56,7,5,11,11.4,2535,11.2,2441,0.907,3,8.9,0.925,101.4,3459,3336,50.9,2659,2545,51.1,182.7,167.4,183,149,19,1861,1730,51.8,556,510,52.2,77,12.2,70,12.1
8,20212022,New York Rangers,26.7,82,52,24,6,110,0.671,250,204,4,3,0.54,-0.03,3.05,2.49,55,218,25.23,40,226,82.3,8,2,8.2,8.2,2392,10.5,2528,0.919,9,8,0.93,101,3281,3687,47.1,2483,2756,47.4,162.3,176.3,158,148,24,1618,1853,46.6,494,573,46.3,75,13.2,64,10
9,20212022,St. Louis Blues,28.8,82,49,22,11,109,0.665,309,239,2,3,0.79,-0.05,3.77,2.91,65,241,26.97,35,220,84.09,9,5,7.5,7.9,2492,12.4,2591,0.908,4,9.6,0.924,102,3270,3662,47.2,2528,2886,46.7,185.2,186.7,199,170,31,1835,2002,47.8,501,580,46.3,67,11.8,68,10.5
10,20212022,Boston Bruins,28.5,82,51,26,5,107,0.652,253,218,2,2,0.38,-0.05,3.09,2.66,50,236,21.19,49,262,81.3,5,6,9.9,9.4,2962,8.5,2354,0.907,4,6.8,0.923,99.1,3820,3185,54.5,3048,2412,55.8,196.2,143.4,172,144,-25,1839,1476,55.5,588,453,56.5,80,12,71,13.5
11,20212022,Edmonton Oilers,29.1,82,49,27,6,104,0.634,285,251,5,1,0.46,0,3.48,3.06,61,235,25.96,52,252,79.37,11,6,8.1,7.1,2790,10.2,2647,0.905,4,7.8,0.921,99.9,3891,3515,52.5,2892,2710,51.6,192.5,183.5,181,173,-1,1833,1842,49.9,534,528,50.3,86,13.9,67,11.3
12,20212022,Pittsburgh Penguins,29.7,82,46,25,11,103,0.628,269,222,3,7,0.49,-0.04,3.28,2.71,50,248,20.16,33,212,84.43,3,8,6.9,8.4,2849,9.4,2576,0.914,7,7.5,0.93,100.5,3845,3540,52.1,2986,2657,52.9,198.1,175.9,180,153,5,1900,1650,53.5,550,524,51.2,80,12.7,69,11.6
13,20212022,Washington Capitals,29.5,82,44,26,12,100,0.61,270,242,5,3,0.35,-0.02,3.29,2.95,48,256,18.75,44,225,80.44,8,9,7.7,8.8,2577,10.5,2378,0.898,8,8.3,0.922,100.5,3635,3552,50.6,2780,2627,51.4,174.9,166.3,179,157,13,1811,1756,50.8,531,545,49.3,70,11.6,70,11.4
14,20212022,Los Angeles Kings,28,82,44,27,11,99,0.604,235,232,4,4,0.03,-0.01,2.87,2.83,40,248,16.13,53,227,76.65,11,9,7.7,8.3,2865,8.2,2341,0.901,5,6.7,0.92,98.7,3866,3284,54.1,2974,2452,54.8,182.9,167.4,155,152,-13,1959,1764,52.6,591,529,52.8,75,11.3,68,11.4
15,20212022,Dallas Stars,29.4,82,46,30,6,98,0.598,233,244,5,2,-0.09,0.01,2.84,2.98,54,241,22.41,46,219,79,7,5,6.7,7.5,2486,9.4,2545,0.904,2,7.2,0.925,99.7,3538,3690,48.9,2650,2738,49.2,176.6,175.2,147,159,-13,1835,1732,51.4,578,516,52.8,67,10.4,64,11
16,20212022,Nashville Predators,27.7,82,45,30,7,97,0.591,262,250,4,2,0.19,0.02,3.2,3.05,63,258,24.42,59,284,79.23,2,5,12.6,11.9,2439,10.7,2646,0.906,4,8.2,0.925,100.7,3431,3495,49.5,2622,2644,49.8,160.5,170.1,165,156,19,1729,1735,49.9,486,470,50.8,76,13.5,69,12.8
17,20212022,Vegas Golden Knights,28.5,82,43,31,8,94,0.573,262,244,4,4,0.21,-0.01,3.2,2.98,39,212,18.4,47,208,77.4,10,7,7.6,7.7,2830,9.3,2458,0.901,3,7.6,0.92,99.6,4027,3635,52.6,3011,2594,53.7,204.8,177.1,183,166,-11,2006,1825,52.4,660,579,53.3,83,11.2,86,12.9
18,20212022,Vancouver Canucks,27.7,82,40,30,12,92,0.561,246,231,3,5,0.16,0,3,2.82,58,247,23.48,58,231,74.89,5,6,8,8.6,2622,9.4,2612,0.912,1,7.4,0.933,100.7,3616,3667,49.6,2695,2712,49.8,172.2,178.9,156,143,20,1802,1814,49.8,512,525,49.4,60,10.5,62,10.6
19,20212022,Winnipeg Jets,28.2,82,39,32,11,89,0.543,250,253,2,4,-0.04,0.02,3.05,3.09,52,247,21.05,58,232,75,9,8,8.8,9.5,2645,9.5,2721,0.907,5,7.3,0.927,100,3576,3657,49.4,2741,2793,49.5,188,190.1,156,162,-4,1875,1903,49.6,587,606,49.2,72,10.9,66,9.8
20,20212022,New York Islanders,30.1,82,37,35,10,84,0.512,229,231,2,6,-0.09,-0.02,2.79,2.82,46,208,22.12,34,215,84.19,5,7,8.9,8.4,2367,9.7,2669,0.913,9,7.9,0.93,100.9,3350,3929,46,2503,2922,46.1,175.2,199.1,159,160,23,1744,1963,47,526,602,46.6,74,12.3,66,9.9
21,20212022,Columbus Blue Jackets,26.6,82,37,38,7,81,0.494,258,297,4,3,-0.44,0.02,3.15,3.62,41,220,18.64,51,238,78.57,7,6,7.7,7.2,2463,10.5,2887,0.897,2,8.5,0.915,99.9,3562,3881,47.9,2677,3038,46.8,162.4,215.4,177,214,16,1685,1960,46.2,489,566,46.4,73,13,71,11.1
22,20212022,San Jose Sharks,29,82,32,37,13,77,0.47,211,261,3,3,-0.58,0.03,2.57,3.18,41,216,18.98,33,223,85.2,4,11,8.8,8.6,2400,8.8,2622,0.9,3,7.1,0.92,99.2,3404,4074,45.5,2576,2930,46.8,161.3,182,142,179,-16,1658,1866,47,548,556,49.6,63,10.3,69,11
23,20212022,Anaheim Ducks,27.9,82,31,37,14,76,0.463,228,266,4,5,-0.45,0.03,2.78,3.24,48,219,21.92,43,224,80.8,6,4,9.3,9.8,2393,9.5,2725,0.902,4,7.5,0.918,99.3,3451,3799,47.6,2627,2894,47.6,171.2,184.8,154,186,-18,1672,1828,47.8,517,542,48.8,72,12.2,61,10.1
24,20212022,Buffalo Sabres,27.5,82,32,39,11,75,0.457,229,287,3,3,-0.69,0.02,2.79,3.5,47,222,21.17,50,212,76.42,6,6,8.1,7.9,2451,9.3,2702,0.894,1,7.6,0.914,99,3368,3582,48.5,2583,2854,47.5,158.3,188,158,200,-12,1575,1788,46.8,454,558,44.9,66,12.7,82,12.8
25,20212022,Detroit Red Wings,26.9,82,32,40,10,74,0.451,227,310,3,2,-0.95,0.06,2.77,3.78,37,227,16.3,59,225,73.78,4,10,8.9,8.5,2414,9.4,2761,0.888,4,8,0.914,99.4,3203,3758,46,2414,2910,45.3,172.3,208.4,159,203,-8,1594,1999,44.4,485,586,45.3,65,11.8,79,11.9
26,20212022,Ottawa Senators,26.6,82,33,42,7,73,0.445,224,264,3,2,-0.44,0.03,2.73,3.22,47,243,19.34,49,249,80.32,9,4,10,10.2,2463,9.1,2740,0.904,2,7.2,0.923,99.5,3512,3821,47.9,2640,2852,48.1,162.5,187.7,147,175,-3,1701,1899,47.3,550,564,49.4,55,9.1,79,12.3
27,20212022,Chicago Blackhawks,28,82,28,42,12,68,0.415,213,289,6,2,-0.83,0.05,2.6,3.52,47,245,19.18,53,223,76.23,2,6,7.9,8.7,2362,9,2703,0.893,4,7.3,0.917,99,3310,3888,46,2413,2839,45.9,155.8,179.6,143,192,-25,1549,1860,45.4,411,496,45.3,52,11.2,79,13.7
28,20212022,New Jersey Devils,25.8,82,27,46,9,63,0.384,245,302,3,5,-0.68,0.04,2.99,3.68,35,225,15.56,42,212,80.19,6,14,8.1,8.4,2562,9.6,2540,0.881,2,8,0.905,98.6,3801,3734,50.4,2888,2874,50.1,185.7,179.2,181,216,-42,1892,1782,51.5,541,489,52.5,82,13.2,92,15.8
29,20212022,Philadelphia Flyers,28.3,82,25,46,11,61,0.372,210,294,1,4,-1,0.06,2.56,3.59,30,239,12.55,57,235,75.74,6,11,9,9,2539,8.3,2785,0.894,1,7.6,0.919,99.5,3403,3895,46.6,2564,2921,46.7,163.6,184.7,159,189,-9,1644,1876,46.7,542,588,48,74,12,76,11.4
30,20212022,Seattle Kraken,28.7,82,27,49,6,60,0.366,213,284,3,1,-0.8,0.04,2.6,3.46,32,220,14.55,56,223,74.89,8,7,8.5,8,2380,8.9,2367,0.88,3,7.5,0.908,98.3,3508,3415,50.7,2615,2593,50.2,160.5,160.8,152,188,-36,1612,1657,49.3,474,514,48,45,8.7,77,13
31,20212022,Arizona Coyotes,28,82,25,50,7,57,0.348,206,309,1,4,-1.23,0.06,2.51,3.77,28,202,13.86,64,256,75,3,4,10.2,8.2,2121,9.7,2910,0.894,1,8.6,0.91,99.7,3118,3977,43.9,2346,3052,43.5,149.3,208.3,157,221,-5,1542,1972,43.9,480,627,43.4,66,12.1,95,13.2
32,20212022,Montreal Canadiens,27.8,82,22,49,11,55,0.335,218,317,3,2,-1.15,0.05,2.66,3.87,34,248,13.71,67,274,75.55,6,12,10.2,9,2442,8.9,2823,0.888,3,7.6,0.915,99.1,3350,3775,47,2490,2852,46.6,165.6,199.3,154,195,-7,1671,1987,45.7,544,644,45.8,69,11.3,95,12.9
1,20222023,Boston Bruins,29.5,82,65,12,5,135,0.823,301,174,4,3,1.54,-0.02,3.67,2.12,62,279,22.22,36,283,87.28,8,8,10.5,9.9,2703,11.1,2447,0.929,7,9,0.94,103,3597,3387,51.5,2723,2504,52.1,187.3,161,199,114,59,1892,1767,51.7,582,611,48.8,65,10,49,7.4
2,20222023,Carolina Hurricanes,29.3,82,52,21,9,113,0.689,262,210,4,3,0.66,0.01,3.2,2.56,50,253,19.76,40,256,84.38,11,6,7.5,7.5,2852,9.2,2132,0.902,9,7.3,0.92,99.3,4350,2873,60.2,3267,2209,59.7,191.5,147.7,174,139,-9,2129,1455,59.4,801,480,62.5,72,8.2,39,7.5
3,20222023,New Jersey Devils,26.7,82,52,22,8,112,0.683,289,222,2,4,0.79,0,3.52,2.71,49,224,21.88,40,230,82.61,9,8,7.7,7.9,2821,10.2,2315,0.904,4,8.2,0.922,100.4,4174,3580,53.8,3065,2614,54,196.6,152.3,197,154,-1,2165,1724,55.7,745,591,55.8,84,10.1,62,9.5
4,20222023,Vegas Golden Knights,29.1,82,51,22,9,111,0.677,267,225,5,4,0.49,-0.04,3.26,2.74,42,207,20.29,44,195,77.44,10,4,7.2,7.9,2587,10.3,2533,0.911,3,8.3,0.927,101,3810,4061,48.4,2783,2873,49.2,184,171.7,185,159,14,1805,1877,49,607,600,50.3,81,11.8,56,8.5
5,20222023,Toronto Maple Leafs,28.6,82,50,21,11,111,0.677,278,220,1,2,0.7,0,3.39,2.68,64,246,26.02,45,248,81.85,8,8,8.4,8.4,2628,10.6,2420,0.909,5,8.4,0.928,101.2,3677,3553,50.9,2788,2605,51.7,195,164.6,184,142,12,2037,1783,53.3,659,622,51.4,76,10.3,58,8.5
6,20222023,Colorado Avalanche,28.1,82,51,24,7,109,0.665,274,223,6,3,0.61,-0.05,3.34,2.72,64,261,24.52,52,248,79.03,6,5,8.2,9.3,2727,10,2539,0.912,6,7.6,0.931,100.8,3897,3543,52.4,2816,2644,51.6,183.8,169.8,174,145,15,1880,1678,52.8,573,561,50.5,70,10.9,47,7.7
7,20222023,Edmonton Oilers,27.9,82,50,23,9,109,0.665,325,256,0,4,0.73,-0.07,3.96,3.12,89,275,32.36,64,278,76.98,18,7,8.6,8.8,2754,11.8,2572,0.9,2,8.5,0.92,100.5,3714,3406,52.2,2788,2618,51.6,199.6,169,191,168,-8,1917,1741,52.4,639,542,54.1,70,9.9,71,11.6
8,20222023,Dallas Stars,28.4,82,47,21,14,108,0.659,281,215,4,3,0.75,-0.07,3.43,2.62,64,256,25,40,242,83.47,10,5,7.8,8.5,2617,10.7,2452,0.912,6,8.2,0.928,101,3792,3552,51.6,2731,2653,50.7,178.2,160,175,145,12,1919,1706,52.9,680,527,56.3,72,9.6,54,9.3
9,20222023,New York Rangers,27.7,82,47,22,13,107,0.652,273,216,4,3,0.7,0,3.33,2.63,59,245,24.08,42,223,81.17,8,5,7.6,9.3,2582,10.6,2405,0.91,4,8.4,0.926,101.1,3607,3630,49.8,2698,2662,50.3,175.3,176.6,180,153,28,1866,1854,50.2,612,626,49.4,72,10.5,54,7.9
10,20222023,Los Angeles Kings,28.7,82,47,25,10,104,0.634,274,254,6,3,0.27,-0.02,3.34,3.1,68,269,25.28,65,269,75.84,7,9,8.6,9.9,2658,10.3,2289,0.889,3,7.7,0.914,99.1,3731,3405,52.3,2807,2415,53.8,180.4,157.6,169,159,-13,1861,1748,51.6,550,553,49.9,61,10,59,9.6
11,20222023,Minnesota Wild,29.3,82,46,25,11,103,0.628,239,219,7,6,0.21,-0.05,2.91,2.67,54,252,21.43,46,256,82.03,14,3,11.3,11.6,2535,9.4,2552,0.914,5,7.3,0.932,100.5,3578,3641,49.6,2655,2639,50.2,163.6,165.4,144,140,6,1728,1743,49.8,574,565,50.4,69,10.7,64,10.2
12,20222023,Seattle Kraken,29,82,46,28,8,100,0.61,289,252,0,4,0.36,-0.04,3.52,3.07,48,243,19.75,55,236,76.69,6,9,8.5,9.1,2497,11.6,2215,0.886,3,9.5,0.913,100.8,3759,3344,52.9,2842,2451,53.7,172.5,149,209,160,26,1839,1701,51.9,585,588,49.9,82,12.3,87,12.9
13,20222023,Tampa Bay Lightning,29.9,82,46,30,6,98,0.598,280,252,3,2,0.37,0.02,3.41,3.07,71,280,25.36,53,261,79.69,7,11,12.1,12.3,2621,10.7,2582,0.902,6,8.2,0.923,100.5,3736,3499,51.6,2795,2637,51.5,191.5,183,175,162,5,1963,1854,51.4,706,658,51.8,80,10.2,58,8.1
14,20222023,Winnipeg Jets,28.7,82,46,33,3,95,0.579,246,224,1,1,0.23,-0.04,3,2.73,52,270,19.26,42,239,82.43,7,6,8.5,9.7,2486,9.9,2487,0.91,4,7.7,0.928,100.5,3687,3440,51.7,2754,2585,51.6,167.2,165.9,158,147,10,1863,1711,52.1,641,566,53.1,58,8.3,64,10.2
15,20222023,Calgary Flames,29.8,82,38,27,17,93,0.567,258,247,2,5,0.05,-0.05,3.15,3.01,50,252,19.84,47,270,82.59,8,6,9.2,8.3,2948,8.8,2240,0.89,1,7.5,0.909,98.4,4244,3172,57.2,3147,2389,56.8,191.9,156.7,182,169,-22,2044,1658,55.2,689,559,55.2,79,10.3,74,11.7
16,20222023,New York Islanders,29.3,82,42,31,9,93,0.567,242,217,1,5,0.25,0,2.95,2.65,35,222,15.77,39,219,82.19,6,7,8,8,2524,9.6,2544,0.915,8,8.2,0.931,101.3,3818,3842,49.8,2774,2825,49.5,183.1,180.6,176,145,29,1988,1983,50.1,705,669,51.3,71,9.1,65,8.9
17,20222023,Florida Panthers,28.7,82,42,32,8,92,0.561,288,272,2,1,0.24,0.04,3.51,3.32,63,276,22.83,70,291,75.95,6,9,12.2,11.9,3019,9.5,2603,0.896,3,8,0.922,100.2,4023,3384,54.3,3023,2625,53.5,205.6,179.4,191,159,6,2135,1783,54.5,775,658,54.1,73,8.6,59,8.2
18,20222023,Nashville Predators,28.3,82,42,32,8,92,0.561,223,236,6,2,-0.12,-0.02,2.72,2.88,44,250,17.6,48,275,82.55,6,6,9.6,8.8,2419,9.2,2729,0.914,2,7.6,0.93,100.6,3454,3875,47.1,2522,2882,46.7,165.6,186.4,146,153,14,1853,2002,48.1,581,642,47.5,67,10.3,65,9.2
19,20222023,Buffalo Sabres,26.1,82,42,33,7,91,0.555,293,297,3,3,-0.01,0.04,3.57,3.62,63,269,23.42,61,226,73.01,9,7,7.4,8.5,2665,11,2710,0.89,2,8.7,0.911,99.8,3722,3524,51.4,2818,2782,50.3,188.8,200.9,197,204,5,1971,1961,50.1,615,691,47.1,65,9.6,81,10.5
20,20222023,Pittsburgh Penguins,31,82,40,31,11,91,0.555,261,263,1,1,0.01,0.04,3.18,3.21,63,290,21.72,55,263,79.09,5,5,8.6,9.2,2818,9.3,2687,0.902,2,7.2,0.922,99.4,4030,3719,52,3006,2767,52.1,198.5,181.9,168,172,-21,2074,1834,53.1,755,625,54.7,75,9,77,11
21,20222023,Ottawa Senators,27.3,82,39,35,8,86,0.524,259,270,2,1,-0.09,0.04,3.16,3.29,72,306,23.53,59,296,80.07,9,11,12.4,12.2,2746,9.4,2572,0.895,3,7.1,0.914,98.5,3751,3527,51.5,2801,2580,52.1,171.4,166.4,151,177,-31,1900,1772,51.7,680,611,52.7,68,9.1,76,11.1
22,20222023,Vancouver Canucks,27.3,82,38,37,7,83,0.506,270,296,6,2,-0.3,-0.04,3.29,3.61,62,273,22.71,69,243,71.6,15,14,9,10,2438,11.1,2527,0.883,1,8.5,0.911,99.6,3302,3635,47.6,2470,2728,47.5,167.7,177.8,169,192,-13,1730,1846,48.4,559,633,46.9,79,12.4,74,10.5
23,20222023,St. Louis Blues,29.3,82,37,38,7,81,0.494,260,298,3,3,-0.47,-0.01,3.17,3.63,46,238,19.33,60,217,72.35,7,14,7.8,7.6,2341,11.1,2652,0.888,4,8.8,0.917,100.5,3326,3893,46.1,2527,2922,46.4,170.8,196.1,180,188,17,1716,2058,45.5,488,690,41.4,67,12.1,91,11.7
24,20222023,Washington Capitals,30.9,82,35,37,10,80,0.488,253,261,2,4,-0.1,0.02,3.09,3.18,52,245,21.22,41,226,81.86,4,8,8.7,9.1,2549,9.9,2548,0.898,5,8,0.916,99.6,3787,3814,49.8,2776,2827,49.5,178.6,177.5,174,182,-9,1874,1920,49.4,651,596,52.2,68,9.5,65,9.8
25,20222023,Detroit Red Wings,27.3,82,35,37,10,80,0.488,237,275,3,4,-0.44,0.04,2.89,3.35,57,270,21.11,54,249,78.31,5,12,8.1,8.5,2312,10.3,2496,0.89,4,7.9,0.913,99.1,3164,3705,46.1,2361,2704,46.6,150,158.3,146,183,-29,1502,1803,45.4,491,585,45.6,51,9.4,73,11.1
26,20222023,Philadelphia Flyers,26.8,82,31,38,13,75,0.457,220,276,2,1,-0.62,0.05,2.68,3.37,35,225,15.56,59,233,74.68,11,9,10.4,9.7,2416,9.1,2585,0.893,3,7.3,0.92,99.3,3554,3940,47.4,2679,2823,48.7,166.3,173.8,152,174,-15,1741,1984,46.7,593,643,48,65,9.9,74,10.3
27,20222023,Arizona Coyotes,26.4,82,28,40,14,70,0.427,225,295,3,4,-0.85,0.01,2.74,3.6,45,238,18.91,81,319,74.61,5,6,11.9,9,2119,10.6,2874,0.897,4,8.4,0.92,100.4,3097,3788,45,2313,2870,44.6,149.6,189.7,151,180,11,1571,1940,44.7,531,624,46,60,10.2,72,10.3
28,20222023,Montreal Canadiens,27.3,82,31,45,6,68,0.415,227,305,5,2,-0.85,0.06,2.77,3.72,38,236,16.1,75,275,72.73,8,3,11.6,9.3,2237,10.1,2753,0.889,1,8.6,0.911,99.7,3261,3924,45.4,2359,2839,45.4,151.3,194,162,200,5,1601,2039,44,518,718,41.9,66,11.3,90,11.1
29,20222023,San Jose Sharks,29.4,82,22,44,16,60,0.366,233,315,1,6,-1.05,0.01,2.84,3.84,41,223,18.39,43,244,82.38,4,13,8,7.6,2415,9.6,2640,0.881,4,8.2,0.902,98.3,3622,3824,48.6,2659,2834,48.4,175.2,184.4,168,220,-43,1922,2009,48.9,666,656,50.4,70,9.5,94,12.5
30,20222023,Chicago Blackhawks,28.7,82,26,49,7,59,0.36,202,299,2,2,-1.16,0.02,2.46,3.65,38,232,16.38,55,231,76.19,7,10,8.6,8.9,2210,9.1,2758,0.892,2,7.4,0.914,98.7,3168,4045,43.9,2380,3017,44.1,149.7,204.1,135,208,-19,1553,2112,42.4,486,682,41.6,61,11.2,80,10.5
31,20222023,Columbus Blue Jackets,26.7,82,25,48,9,59,0.36,213,329,1,1,-1.34,0.07,2.6,4.01,41,224,18.3,59,237,75.11,5,9,8,7.3,2399,8.9,2904,0.887,0,7.2,0.909,98.1,3525,4316,45,2579,3212,44.5,159.8,205.3,143,231,-43,1745,2092,45.5,576,703,45,52,8.3,90,11.3
32,20222023,Anaheim Ducks,28.2,82,23,47,12,58,0.354,206,335,3,3,-1.54,0.03,2.51,4.09,36,229,15.72,78,280,72.14,1,7,11.3,9.3,2326,8.9,3207,0.896,1,7.5,0.918,99.3,3233,4349,42.6,2421,3392,41.6,150,233.7,143,224,3,1539,2185,41.3,505,743,40.5,53,9.5,80,9.7
