RANK,PLAYER,NATION,POSITION,SQUAD,AGE,YEAR_BORN,MP,STARTS,PCT_STARTS,MINUTES,90_MINS,G,GPG,A,APG,PTS,PTSPG,G_PK,G_REG,PK,PK_ATT,CRDY,CRDR,TOT_CRDS,XG,XGPG,NPXG,XAG,NPXG_XAG,PRGC,PRGP,PRGR
107,Esther González,es ESP,"FW,MF",Gotham FC,32-219,1992,13,13,1,1136,12.6,10,0.769230769,0,0,10,0.769230769,8,2,2,2,1,0,1,6.1,0.469230769,4.6,1.1,5.7,18,37,57
51,Temwa Cha?inga,mw MWI,"FW,MF",Current,26-298,1998,13,12,0.923076923,1034,11.5,8,0.615384615,2,0.153846154,10,0.769230769,8,0,0,0,0,0,0,9.9,0.761538462,9.9,1.8,11.8,25,22,88
18,Barbra Banda,zm ZAM,FW,Pride,25-117,2000,13,12,0.923076923,1103,12.3,8,0.615384615,1,0.076923077,9,0.692307692,8,0,0,0,2,0,2,7.1,0.546153846,7.1,1.3,8.5,60,14,93
288,Riley Tiernan,us USA,FW,Angel City,22-243,2002,13,13,1,1130,12.6,7,0.538461538,1,0.076923077,8,0.615384615,7,0,0,0,3,0,3,2.6,0.2,2.6,1.4,4,23,19,59
183,Manaka Matsukubo,jp JPN,"FW,MF",Courage,20-352,2004,13,11,0.846153846,971,10.8,4,0.307692308,4,0.307692308,8,0.615384615,4,0,0,0,3,0,3,4.6,0.353846154,4.6,3.2,7.8,18,49,60
47,Delphine Cascarino,fr FRA,FW,Wave,28-160,1997,13,13,1,1109,12.3,3,0.230769231,5,0.384615385,8,0.615384615,3,0,0,0,1,0,1,1,0.076923077,1,2.8,3.9,47,45,95
119,Ashley Hatch,us USA,"FW,MF",Spirit,30-051,1995,10,9,0.9,823,9.1,6,0.6,1,0.1,7,0.7,6,0,0,1,1,0,1,5.3,0.53,4.6,1.4,6,14,15,43
285,Alyssa Thompson,us USA,"FW,MF",Angel City,20-250,2004,12,12,1,1033,11.5,5,0.416666667,2,0.166666667,7,0.583333333,4,1,1,2,2,0,2,4.1,0.341666667,2.7,2.5,5.1,42,29,98
259,Emma Sears,us USA,"FW,MF",Louisville,24-142,2001,13,13,1,1086,12.1,6,0.461538462,0,0,6,0.461538462,6,0,0,0,1,0,1,3.4,0.261538462,3.4,0.8,4.1,31,14,81
72,Debinha,br BRA,"FW,MF",Current,33-268,1991,9,8,0.888888889,705,7.8,5,0.555555556,1,0.111111111,6,0.666666667,5,0,0,0,0,0,0,3.1,0.344444444,3.1,2.6,5.7,21,42,70
22,Beatriz,br BRA,FW,Current,31-210,1993,11,9,0.818181818,750,8.3,5,0.454545455,1,0.090909091,6,0.545454545,5,0,0,0,0,0,0,1.9,0.172727273,1.9,1.2,3.1,19,41,71
60,Michelle Cooper,us USA,"FW,MF",Current,22-223,2002,8,7,0.875,474,5.3,4,0.5,2,0.25,6,0.75,4,0,0,0,0,0,0,2.4,0.3,2.4,3.8,6.2,15,13,42
200,Gift Monday,ng NGA,"FW,MF",Spirit,23-218,2001,10,8,0.8,728,8.1,4,0.4,1,0.1,5,0.5,4,0,0,0,1,0,1,4.5,0.45,4.5,1.5,6,14,9,40
126,Penelope Hocking,us USA,"MF,FW",Bay FC,25-198,1999,11,6,0.545454545,563,6.3,4,0.363636364,1,0.090909091,5,0.454545455,4,0,0,0,0,0,0,3.6,0.327272727,3.6,0.6,4.2,12,13,37
292,Reilyn Turner,us USA,"FW,MF",Thorns,22-271,2002,12,10,0.833333333,795,8.8,4,0.333333333,1,0.083333333,5,0.416666667,4,0,0,0,0,0,0,5.5,0.458333333,5.5,0.6,6.1,5,10,54
161,Adriana Leon,ca CAN,"FW,MF",Wave,32-286,1992,13,8,0.615384615,660,7.3,4,0.307692308,1,0.076923077,5,0.384615385,4,0,0,0,1,0,1,3.4,0.261538462,3.4,0.4,3.7,15,9,38
254,Maria Sanchez,mx MEX,"FW,MF",Wave,29-145,1996,12,7,0.583333333,571,6.3,3,0.25,2,0.166666667,5,0.416666667,3,0,0,1,1,0,1,2.5,0.208333333,1.8,0.9,2.7,8,17,30
67,Madeline Dahlien,us USA,"DF,FW",Reign,20-355,2004,13,12,0.923076923,1016,11.3,3,0.230769231,2,0.153846154,5,0.384615385,3,0,0,0,3,0,3,2.2,0.169230769,2.2,0.7,3,32,17,82
99,Kennedy Fuller,us USA,MF,Angel City,18-128,2007,13,12,0.923076923,991,11,2,0.153846154,3,0.230769231,5,0.384615385,2,0,0,0,1,0,1,2.5,0.192307692,2.5,1.1,3.6,15,41,42
286,Gisele Thompson,us USA,"DF,FW",Angel City,19-225,2005,12,12,1,952,10.6,1,0.083333333,4,0.333333333,5,0.416666667,1,0,0,0,1,0,1,0.9,0.075,0.9,0.9,1.8,40,38,61
258,Sarah Schupansky,us USA,MF,Gotham FC,21-324,2003,13,11,0.846153846,877,9.7,1,0.076923077,4,0.307692308,5,0.384615385,1,0,0,0,2,0,2,0.8,0.061538462,0.8,2.7,3.5,7,24,46
2,Emeri Adames,us USA,"FW,MF",Reign,19-103,2006,10,4,0.4,420,4.7,4,0.4,0,0,4,0.4,3,1,1,1,0,0,0,2.5,0.25,1.7,0.5,2.3,11,13,31
168,Ludmila,br BRA,FW,Chicago Stars,30-226,1994,11,11,1,885,9.8,4,0.363636364,0,0,4,0.363636364,4,0,0,0,1,0,1,3.1,0.281818182,3.1,0.4,3.5,22,17,62
224,Jayden Perry,us USA,DF,Thorns,24-145,2001,8,8,1,720,8,3,0.375,1,0.125,4,0.5,0,3,3,3,1,0,1,2.5,0.3125,0.3,0,0.4,2,24,2
93,Taylor Flint,us USA,MF,Louisville,26-235,1998,12,12,1,1074,11.9,3,0.25,1,0.083333333,4,0.333333333,1,2,2,2,3,0,3,2.9,0.241666667,1.4,0.6,2,1,59,8
14,Kimmi Ascanio,us USA,"FW,MF",Wave,17-175,2008,13,7,0.538461538,663,7.4,3,0.230769231,1,0.076923077,4,0.307692308,3,0,0,0,0,0,0,1.6,0.123076923,1.6,0.1,1.7,10,24,28
109,Maggie Graham,us USA,"DF,FW",Dash,23-005,2002,13,9,0.692307692,901,10,3,0.230769231,1,0.076923077,4,0.307692308,3,0,0,0,2,0,2,2.2,0.169230769,2.2,0.4,2.6,9,24,25
178,Marta,br BRA,FW,Pride,39-146,1986,13,11,0.846153846,927,10.3,3,0.230769231,1,0.076923077,4,0.307692308,1,2,2,2,0,0,0,2.7,0.207692308,1.3,2.2,3.5,25,48,71
90,Kayla Fischer,us USA,FW,Louisville,25-191,2000,10,10,1,738,8.2,2,0.2,2,0.2,4,0.4,2,0,0,0,3,1,4,3.1,0.31,3.1,1.4,4.4,16,15,50
269,Ji So-yun,kr KOR,"MF,FW",Reign,34-144,1991,10,7,0.7,627,7,2,0.2,2,0.2,4,0.4,1,1,1,1,1,0,1,1.4,0.14,0.7,1.8,2.5,10,44,30
56,Caroline Conti,us USA,"MF,FW",Bay FC,24-109,2001,11,8,0.727272727,734,8.2,2,0.181818182,2,0.181818182,4,0.363636364,0,2,2,2,1,0,1,1.8,0.163636364,0.4,0.9,1.3,5,31,26
74,Savannah Demelo,us USA,MF,Louisville,27-111,1998,11,10,0.909090909,869,9.7,2,0.181818182,2,0.181818182,4,0.363636364,2,0,0,0,1,0,1,2.5,0.227272727,2.5,1.6,4.1,16,43,53
61,Gia Corley,de GER,"MF,FW",Wave,23-056,2002,12,11,0.916666667,754,8.4,2,0.166666667,2,0.166666667,4,0.333333333,2,0,0,0,3,0,3,1.1,0.091666667,1.1,0.6,1.7,34,30,45
70,Kenza Dali,fr FRA,MF,Wave,33-349,1991,13,13,1,1165,12.9,2,0.153846154,2,0.153846154,4,0.307692308,2,0,0,0,1,0,1,1.6,0.123076923,1.6,1.3,2.9,40,83,40
219,Bárbara Olivieri,ve VEN,"FW,MF",Dash,23-141,2002,13,10,0.769230769,890,9.9,2,0.153846154,2,0.153846154,4,0.307692308,2,0,0,0,3,0,3,2.4,0.184615385,2.4,1.6,3.9,13,41,40
151,Rosemonde Kouassi,ci CIV,"FW,MF",Spirit,23-201,2001,9,5,0.555555556,589,6.5,1,0.111111111,3,0.333333333,4,0.444444444,1,0,0,0,1,0,1,2.5,0.277777778,2.5,2.6,5.1,28,18,49
54,Sam Coffey,us USA,MF,Thorns,26-196,1998,12,12,1,1052,11.7,1,0.083333333,3,0.25,4,0.333333333,0,1,1,1,1,0,1,1.2,0.1,0.5,1.6,2.1,15,73,21
207,Perle Morroni,fr FRA,DF,Wave,27-273,1997,13,13,1,1162,12.9,1,0.076923077,3,0.230769231,4,0.307692308,1,0,0,0,1,0,1,0.6,0.046153846,0.6,1,1.5,24,40,69
271,Janine Sonis,ca CAN,"FW,MF",Louisville,30-329,1994,13,10,0.769230769,885,9.8,1,0.076923077,3,0.230769231,4,0.307692308,1,0,0,0,0,0,0,1,0.076923077,1,2.2,3.2,8,18,72
172,Hailie Mace,us USA,DF,Current,28-113,1997,12,7,0.583333333,714,7.9,0,0,4,0.333333333,4,0.333333333,0,0,0,0,2,0,2,0.1,0.008333333,0.1,1,1.1,11,28,8
223,Avery Patterson,us USA,"MF,DF",Dash,23-031,2002,9,9,1,765,8.5,3,0.333333333,0,0,3,0.333333333,3,0,0,0,0,0,0,0.9,0.1,0.9,1,1.8,30,30,36
157,Lo'eau LaBonta,us USA,MF,Current,32-119,1993,10,10,1,900,10,3,0.3,0,0,3,0.3,0,3,3,3,2,0,2,3,0.3,0.8,0.5,1.3,6,55,13
275,Bianca St-Georges,ca CAN,FW,Royals,27-352,1997,10,8,0.8,653,7.3,3,0.3,0,0,3,0.3,3,0,0,0,2,0,2,2.8,0.28,2.8,0.9,3.7,16,6,55
209,Brecken Mozingo,us USA,"FW,MF",Royals,24-129,2001,12,9,0.75,784,8.7,3,0.25,0,0,3,0.25,3,0,0,0,0,0,0,1.9,0.158333333,1.9,0.3,2.2,20,10,54
289,Pietra Tordin,us USA,FW,Thorns,21-107,2004,12,2,0.166666667,293,3.3,3,0.25,0,0,3,0.25,3,0,0,0,1,0,1,1.3,0.108333333,1.3,0.2,1.6,1,8,27
240,Felicitas Rauch,de GER,"DF,MF",Courage,29-076,1996,9,8,0.888888889,645,7.2,2,0.222222222,1,0.111111111,3,0.333333333,2,0,0,0,1,0,1,0.8,0.088888889,0.8,2.7,3.5,6,15,26
33,Lynn Biyendolo,us USA,"FW,MF",Reign,32-055,1993,10,7,0.7,711,7.9,2,0.2,1,0.1,3,0.3,2,0,0,0,0,0,0,1.5,0.15,1.5,0.7,2.2,4,20,40
104,Geyse,br BRA,"MF,FW",Gotham FC,27-110,1998,10,7,0.7,554,6.2,2,0.2,1,0.1,3,0.3,2,0,0,0,2,0,2,1.6,0.16,1.6,0.8,2.4,15,15,38
114,Caiya Hanks,us USA,"FW,MF",Thorns,20-292,2004,11,7,0.636363636,636,7.1,2,0.181818182,1,0.090909091,3,0.272727273,2,0,0,0,1,0,1,2,0.181818182,2,1.1,3,29,16,62
204,Esme Morgan,eng ENG,DF,Spirit,24-270,2000,12,11,0.916666667,936,10.4,2,0.166666667,1,0.083333333,3,0.25,2,0,0,0,0,0,0,1,0.083333333,1,0.1,1.1,5,29,3
115,Haley Hanson,us USA,MF,Pride,29-163,1996,13,12,0.923076923,1055,11.7,2,0.153846154,1,0.076923077,3,0.230769231,2,0,0,0,1,0,1,2.4,0.184615385,2.4,0.2,2.7,8,40,27
232,Gabi Portilho,br BRA,MF,Gotham FC,29-362,1995,7,6,0.857142857,461,5.1,1,0.142857143,2,0.285714286,3,0.428571429,1,0,0,0,2,0,2,0.6,0.085714286,0.6,1.4,2,13,13,40
153,Casey Krueger,us USA,"DF,MF",Spirit,34-326,1990,9,7,0.777777778,599,6.7,1,0.111111111,2,0.222222222,3,0.333333333,1,0,0,0,0,0,0,0.6,0.066666667,0.6,0.5,1.1,10,28,22
144,Jameese Joseph,us USA,"MF,FW",Chicago Stars,23-073,2002,10,9,0.9,717,8,1,0.1,2,0.2,3,0.3,1,0,0,0,0,0,0,1.8,0.18,1.8,1.7,3.5,22,10,42
9,Joelle Anderson,us USA,DF,Bay FC,26-282,1998,11,8,0.727272727,727,8.1,1,0.090909091,2,0.181818182,3,0.272727273,1,0,0,0,1,0,1,0.5,0.045454545,0.5,0.1,0.6,2,32,0
11,Trinity Armstrong,us USA,DF,Wave,17-355,2007,12,10,0.833333333,887,9.9,1,0.083333333,2,0.166666667,3,0.25,1,0,0,0,0,0,0,0.2,0.016666667,0.2,0.7,0.9,7,32,3
92,Jessie Fleming,ca CAN,MF,Thorns,27-126,1998,12,7,0.583333333,666,7.4,1,0.083333333,2,0.166666667,3,0.25,0,1,1,1,0,0,0,1.3,0.108333333,0.6,1.5,2.1,6,28,29
155,Racheal Kundananji,zm ZAM,"FW,MF",Bay FC,25-042,2000,13,11,0.846153846,994,11,1,0.076923077,2,0.153846154,3,0.230769231,1,0,0,0,4,0,4,2.5,0.192307692,2.5,2.6,5.1,40,17,91
170,Hanna Lundkvist,se SWE,DF,Wave,22-363,2002,13,12,0.923076923,1064,11.8,1,0.076923077,2,0.153846154,3,0.230769231,1,0,0,0,0,0,0,0.1,0.007692308,0.1,0.6,0.7,26,46,27
276,Samantha Staab,us USA,DF,Chicago Stars,28-109,1997,13,12,0.923076923,993,11,1,0.076923077,2,0.153846154,3,0.230769231,1,0,0,0,0,0,0,1.2,0.092307692,1.2,1.4,2.6,5,35,4
307,Arin Wright,us USA,DF,Louisville,32-202,1992,13,13,1,1170,13,1,0.076923077,2,0.153846154,3,0.230769231,1,0,0,0,0,0,0,1,0.076923077,1,1,2,6,37,0
101,Ryan Gareis,us USA,"MF,DF",Dash,26-244,1998,13,11,0.846153846,910,10.1,0,0,3,0.230769231,3,0.230769231,0,0,0,0,1,0,1,0.2,0.015384615,0.2,1.6,1.8,18,20,62
249,Isabel Rodriguez,us USA,DF,Current,26-093,1999,13,10,0.769230769,951,10.6,0,0,3,0.230769231,3,0.230769231,0,0,0,0,0,0,0,0.4,0.030769231,0.4,2,2.4,22,44,28
159,Karlie Lema,us USA,"FW,MF",Bay FC,22-016,2003,11,7,0.636363636,593,6.6,2,0.181818182,0,0,2,0.181818182,2,0,0,0,1,0,1,1.4,0.127272727,1.4,0.3,1.8,19,7,43
228,Kiki Pickett,us USA,MF,Bay FC,26-076,1999,11,9,0.818181818,821,9.1,2,0.181818182,0,0,2,0.181818182,2,0,0,0,3,0,3,0.2,0.018181818,0.2,0.3,0.4,2,41,8
230,Brianna Pinto,us USA,"FW,MF",Courage,25-052,2000,11,1,0.090909091,159,1.8,2,0.181818182,0,0,2,0.181818182,2,0,0,0,0,0,0,0.9,0.081818182,0.9,0.2,1.1,1,3,6
309,Katie Zelem,eng ENG,MF,Angel City,29-176,1996,12,6,0.5,516,5.7,2,0.166666667,0,0,2,0.166666667,2,0,0,0,2,0,2,1.2,0.1,1.2,0.6,1.8,1,33,13
41,Jordyn Bugg,us USA,DF,Reign,18-338,2006,13,13,1,1165,12.9,2,0.153846154,0,0,2,0.153846154,2,0,0,0,2,0,2,0.4,0.030769231,0.4,0.1,0.5,8,43,5
253,Ashley Sanchez,us USA,"FW,MF",Courage,26-121,1999,13,10,0.769230769,806,9,2,0.153846154,0,0,2,0.153846154,2,0,0,0,0,0,0,1.7,0.130769231,1.7,0.6,2.3,18,34,61
261,Kayla Sharples,us USA,DF,Current,28-028,1997,13,13,1,1170,13,2,0.153846154,0,0,2,0.153846154,2,0,0,0,1,0,1,0.8,0.061538462,0.8,0.5,1.3,1,37,1
91,Jess Fishlock,wls WAL,"MF,FW",Reign,38-182,1987,4,2,0.5,207,2.3,1,0.25,1,0.25,2,0.5,1,0,0,0,0,0,0,0.4,0.1,0.4,0.5,0.9,2,11,7
255,Leicy Santos,co COL,"MF,FW",Spirit,29-060,1996,6,4,0.666666667,441,4.9,1,0.166666667,1,0.166666667,2,0.333333333,1,0,0,0,1,0,1,1.1,0.183333333,1.1,0.4,1.5,7,20,12
3,Marie-Yasmine Alidou,ca CAN,"MF,FW",Thorns,30-078,1995,10,4,0.4,405,4.5,1,0.1,1,0.1,2,0.2,1,0,0,0,0,0,0,0.9,0.09,0.9,0.3,1.1,5,15,19
133,Jordyn Huitema,ca CAN,"FW,MF",Reign,24-068,2001,10,8,0.8,667,7.4,1,0.1,1,0.1,2,0.2,1,0,0,0,1,0,1,1.1,0.11,1.1,0.5,1.6,6,23,36
239,Brittany Ratcliffe,us USA,"FW,MF",Spirit,31-158,1994,10,4,0.4,367,4.1,1,0.1,1,0.1,2,0.2,1,0,0,0,0,0,0,0.2,0.02,0.2,0.6,0.8,7,6,34
251,Yazmeen Ryan,us USA,"FW,MF",Dash,26-140,1999,11,11,1,990,11,1,0.090909091,1,0.090909091,2,0.181818182,1,0,0,0,0,0,0,1.9,0.172727273,1.9,2,3.8,27,32,70
310,Claudia Zornoza,es ESP,MF,Royals,34-268,1990,11,11,1,855,9.5,1,0.090909091,1,0.090909091,2,0.181818182,1,0,0,0,0,0,0,0.5,0.045454545,0.5,0.5,1,8,57,11
19,Melanie Barcenas,us USA,FW,Wave,17-258,2007,12,3,0.25,393,4.4,1,0.083333333,1,0.083333333,2,0.166666667,1,0,0,0,1,0,1,0.3,0.025,0.3,0.9,1.2,7,12,27
129,Haley Hopkins,us USA,"FW,MF",Current,26-206,1998,12,2,0.166666667,264,2.9,1,0.083333333,1,0.083333333,2,0.166666667,1,0,0,0,0,0,0,0.4,0.033333333,0.4,0.7,1.1,7,8,25
38,Messiah Bright,us USA,FW,Dash,25-184,2000,13,7,0.538461538,623,6.9,1,0.076923077,1,0.076923077,2,0.153846154,1,0,0,0,2,0,2,1.3,0.1,1.3,0.8,2.1,12,10,39
177,Alyssa Malonson,us USA,DF,Bay FC,26-097,1999,13,11,0.846153846,975,10.8,1,0.076923077,1,0.076923077,2,0.153846154,1,0,0,0,0,0,0,0.1,0.007692308,0.1,0.7,0.8,26,49,41
208,Olivia Moultrie,us USA,"MF,FW",Thorns,19-301,2005,13,11,0.846153846,998,11.1,1,0.076923077,1,0.076923077,2,0.153846154,1,0,0,1,0,0,0,2.4,0.184615385,1.7,3.3,4.9,36,58,48
241,Lilly Reale,us USA,DF,Gotham FC,21-337,2003,13,12,0.923076923,1044,11.6,1,0.076923077,1,0.076923077,2,0.153846154,1,0,0,0,1,0,1,0.6,0.046153846,0.6,0.7,1.3,22,56,33
244,Reyna Reyes,mx MEX,DF,Thorns,24-149,2001,13,12,0.923076923,1057,11.7,1,0.076923077,1,0.076923077,2,0.153846154,1,0,0,0,4,0,4,0.3,0.023076923,0.3,0.3,0.6,13,57,28
260,Ally Sentnor,us USA,"FW,MF",Royals,21-147,2004,13,13,1,1126,12.5,1,0.076923077,1,0.076923077,2,0.153846154,0,1,1,1,0,0,0,2.1,0.161538462,1.4,1.5,2.9,23,33,61
262,Jaedyn Shaw,us USA,"FW,MF",Courage,20-237,2004,13,8,0.615384615,740,8.2,1,0.076923077,1,0.076923077,2,0.153846154,1,0,0,1,1,0,1,3.4,0.261538462,2.6,1.5,4.2,9,32,49
263,Delanie Sheehan,us USA,MF,Dash,26-183,1999,13,12,0.923076923,991,11,1,0.076923077,1,0.076923077,2,0.153846154,1,0,0,0,1,0,1,0.5,0.038461538,0.5,1.3,1.7,12,45,30
295,Mary Vignola,us USA,DF,Angel City,27-154,1998,13,13,1,1056,11.7,1,0.076923077,1,0.076923077,2,0.153846154,1,0,0,0,1,0,1,0.7,0.053846154,0.7,0.4,1.1,21,56,31
298,Ally Watt,us USA,"MF,FW",Pride,28-125,1997,13,10,0.769230769,821,9.1,1,0.076923077,1,0.076923077,2,0.153846154,1,0,0,0,1,0,1,3.3,0.253846154,3.3,0.8,4.1,19,13,55
306,Ryan Williams,us USA,"DF,MF",Courage,29-142,1996,13,13,1,1170,13,1,0.076923077,1,0.076923077,2,0.153846154,1,0,0,0,1,0,1,0.9,0.069230769,0.9,2.2,3.1,39,63,75
227,Carson Pickett,us USA,"DF,MF",Pride,31-303,1993,10,6,0.6,569,6.3,0,0,2,0.2,2,0.2,0,0,0,0,0,0,0,0.3,0.03,0.3,0.6,0.9,4,25,46
166,Maitane López Millán,es ESP,MF,Chicago Stars,30-124,1995,12,10,0.833333333,915,10.2,0,0,2,0.166666667,2,0.166666667,0,0,0,0,0,0,0,0.2,0.016666667,0.2,0.3,0.5,2,29,5
134,Claire Hutton,us USA,MF,Current,19-185,2006,13,11,0.846153846,884,9.8,0,0,2,0.153846154,2,0.153846154,0,0,0,0,2,0,2,0.6,0.046153846,0.6,1.3,1.9,6,46,16
190,Tara McKeown,us USA,DF,Spirit,26-013,1999,13,12,0.923076923,1125,12.5,0,0,2,0.153846154,2,0.153846154,0,0,0,0,2,0,2,0.7,0.053846154,0.7,2.6,3.2,10,51,7
198,Narumi Miura,jp JPN,MF,Spirit,28-012,1997,13,13,1,1069,11.9,0,0,2,0.153846154,2,0.153846154,0,0,0,0,3,0,3,0.7,0.053846154,0.7,1.3,2,3,43,29
216,Denise O'Sullivan,ie IRL,MF,Courage,31-161,1994,13,13,1,1170,13,0,0,2,0.153846154,2,0.153846154,0,0,0,0,1,0,1,0.4,0.030769231,0.4,1.1,1.5,15,63,32
225,Courtney Petersen,us USA,DF,Louisville,27-260,1997,13,12,0.923076923,1080,12,0,0,2,0.153846154,2,0.153846154,0,0,0,0,1,0,1,0.3,0.023076923,0.3,2.5,2.8,6,41,12
281,Hina Sugita,jp JPN,MF,Thorns,28-165,1997,13,12,0.923076923,990,11,0,0,2,0.153846154,2,0.153846154,0,0,0,0,1,0,1,2,0.153846154,2,1.8,3.8,12,54,47
35,Meg Boade,,MF,Spirit,,,3,2,0.666666667,107,1.2,1,0.333333333,0,0,1,0.333333333,1,0,0,0,0,0,0,0.5,0.166666667,0.5,0.1,0.7,3,3,6
81,Julie Doyle,us USA,"FW,MF",Pride,26-319,1998,3,1,0.333333333,81,0.9,1,0.333333333,0,0,1,0.333333333,1,0,0,0,0,0,0,0.1,0.033333333,0.1,0,0.1,2,1,5
218,Chiamaka Okwuchukwu,ng NGA,FW,Wave,19-342,2005,3,1,0.333333333,144,1.6,1,0.333333333,0,0,1,0.333333333,1,0,0,0,0,0,0,0.2,0.066666667,0.2,0.2,0.3,2,2,12
194,Sally Menti,us USA,MF,Reign,23-127,2002,4,3,0.75,271,3,1,0.25,0,0,1,0.25,1,0,0,0,1,0,1,0.2,0.05,0.2,0.2,0.4,1,11,2
145,Uchenna Kanu,ng NGA,"FW,MF",Louisville,28-025,1997,5,0,0,55,0.6,1,0.2,0,0,1,0.2,1,0,0,0,0,0,0,0.5,0.1,0.5,0.1,0.6,1,2,8
4,Aline,br BRA,"FW,MF",Courage,20-008,2005,6,1,0.166666667,118,1.3,1,0.166666667,0,0,1,0.166666667,1,0,0,0,0,0,0,0.2,0.033333333,0.2,0.2,0.4,2,2,8
150,Cecelia Kizer,us USA,"FW,MF",Royals,28-007,1997,6,5,0.833333333,336,3.7,1,0.166666667,0,0,1,0.166666667,1,0,0,0,0,0,0,0.4,0.066666667,0.4,0.4,0.8,5,5,13
297,Cortnee Vine,au AUS,FW,Courage,27-097,1998,6,3,0.5,265,2.9,1,0.166666667,0,0,1,0.166666667,1,0,0,0,0,0,0,1.6,0.266666667,1.6,0.7,2.2,4,4,18
106,Nádia Gomes,pt POR,"MF,FW",Chicago Stars,28-248,1996,7,1,0.142857143,181,2,1,0.142857143,0,0,1,0.142857143,1,0,0,0,1,0,1,0.1,0.014285714,0.1,0.1,0.2,3,0,13
13,Ary Borges,br BRA,MF,Louisville,25-199,1999,9,6,0.666666667,515,5.7,1,0.111111111,0,0,1,0.111111111,0,1,1,1,0,0,0,2,0.222222222,1.3,0.1,1.4,4,18,15
39,Courtney Brown,us USA,"MF,FW",Spirit,24-232,2000,9,4,0.444444444,307,3.4,1,0.111111111,0,0,1,0.111111111,1,0,0,0,0,0,0,1.2,0.133333333,1.2,0.2,1.3,5,9,17
127,Macey Hodge,us USA,MF,Angel City,24-072,2001,10,6,0.6,498,5.5,1,0.1,0,0,1,0.1,1,0,0,0,4,0,4,0.2,0.02,0.2,0.1,0.3,1,15,2
139,Ellie Jean,us USA,DF,Louisville,28-165,1997,10,10,1,900,10,1,0.1,0,0,1,0.1,1,0,0,0,0,0,0,0.7,0.07,0.7,0.1,0.8,6,19,2
163,Payton Linnehan,us USA,"FW,MF",Thorns,24-112,2001,10,4,0.4,362,4,1,0.1,0,0,1,0.1,1,0,0,0,0,0,0,1.1,0.11,1.1,0.4,1.5,12,7,52
283,Mina Tanaka,jp JPN,"MF,FW",Royals,31-078,1994,10,9,0.9,831,9.2,1,0.1,0,0,1,0.1,1,0,0,0,1,0,1,1.6,0.16,1.6,1.1,2.7,7,25,37
301,Kennedy Wesley,us USA,DF,Wave,24-129,2001,10,8,0.8,700,7.8,1,0.1,0,0,1,0.1,1,0,0,0,1,1,2,0.2,0.02,0.2,0.1,0.2,0,14,1
28,Hannah Betfort,us USA,FW,Courage,26-192,1999,11,3,0.272727273,406,4.5,1,0.090909091,0,0,1,0.090909091,1,0,0,0,2,0,2,1.7,0.154545455,1.7,0.4,2.1,10,8,33
52,Prisca Chilufya,zm ZAM,"MF,FW",Pride,26-037,1999,11,1,0.090909091,261,2.9,1,0.090909091,0,0,1,0.090909091,1,0,0,0,2,0,2,0.1,0.009090909,0.1,0.4,0.5,21,6,32
110,Shea Groom,us USA,"FW,MF",Chicago Stars,32-133,1993,11,7,0.636363636,623,6.9,1,0.090909091,0,0,1,0.090909091,1,0,0,0,1,0,1,0.4,0.036363636,0.4,1.1,1.5,9,20,23
233,Christen Press,us USA,"FW,DF",Angel City,36-198,1988,11,1,0.090909091,230,2.6,1,0.090909091,0,0,1,0.090909091,1,0,0,0,0,0,0,0.5,0.045454545,0.5,0.2,0.7,7,4,19
48,Deyna Castellanos,ve VEN,"FW,MF",Thorns,26-088,1999,12,8,0.666666667,695,7.7,1,0.083333333,0,0,1,0.083333333,1,0,0,0,1,0,1,1.5,0.125,1.5,1.2,2.7,6,23,32
86,Cori Dyke,us USA,DF,Pride,24-298,2000,12,6,0.5,650,7.2,1,0.083333333,0,0,1,0.083333333,1,0,0,0,0,0,0,0.1,0.008333333,0.1,0.2,0.3,8,43,15
111,Julia Grosso,ca CAN,"MF,FW",Chicago Stars,24-320,2000,12,12,1,992,11,1,0.083333333,0,0,1,0.083333333,1,0,0,0,1,0,1,1,0.083333333,1,0.9,1.9,14,39,31
124,Rachel Hill,us USA,"MF,FW",Bay FC,30-089,1995,12,5,0.416666667,556,6.2,1,0.083333333,0,0,1,0.083333333,1,0,0,0,1,0,1,1.4,0.116666667,1.4,0.6,2.1,12,19,45
128,Shae Holmes,us USA,DF,Reign,25-129,2000,12,5,0.416666667,564,6.3,1,0.083333333,0,0,1,0.083333333,1,0,0,0,1,0,1,0.3,0.025,0.3,0,0.3,2,14,15
130,Jaelin Howell,us USA,MF,Gotham FC,25-236,1999,12,12,1,1079,12,1,0.083333333,0,0,1,0.083333333,1,0,0,0,6,1,7,1.8,0.15,1.8,0.4,2.1,23,42,41
192,Kristen McNabb,us USA,DF,Wave,31-089,1994,12,9,0.75,859,9.5,1,0.083333333,0,0,1,0.083333333,1,0,0,0,1,0,1,0.7,0.058333333,0.7,0,0.7,1,22,3
135,Riley Jackson,us USA,MF,Courage,19-225,2005,13,11,0.846153846,905,10.1,1,0.076923077,0,0,1,0.076923077,1,0,0,1,2,0,2,1.3,0.1,0.6,1.3,1.9,4,54,17
156,Kaleigh Kurtz,us USA,DF,Courage,27-309,1997,13,13,1,1170,13,1,0.076923077,0,0,1,0.076923077,1,0,0,0,0,0,0,0.4,0.030769231,0.4,0.1,0.6,1,40,1
206,Makenna Morris,us USA,"FW,DF",Spirit,23-080,2002,13,10,0.769230769,829,9.2,1,0.076923077,0,0,1,0.076923077,1,0,0,0,0,0,0,1.4,0.107692308,1.4,0.8,2.3,11,26,39
214,Paige Nielsen,us USA,DF,Dash,31-274,1993,13,11,0.846153846,1047,11.6,1,0.076923077,0,0,1,0.076923077,1,0,0,0,1,0,1,1,0.076923077,1,0.1,1.1,14,46,4
256,Ally Schlegel,us USA,"FW,MF",Chicago Stars,25-158,2000,13,11,0.846153846,882,9.8,1,0.076923077,0,0,1,0.076923077,1,0,0,0,1,0,1,1.4,0.107692308,1.4,0.3,1.7,10,35,26
300,Sarah Weber,us USA,"FW,MF",Louisville,22-151,2003,13,6,0.461538462,641,7.1,1,0.076923077,0,0,1,0.076923077,1,0,0,0,0,0,0,1.9,0.146153846,1.9,0.4,2.3,3,11,27
23,Hannah Bebar,us USA,MF,Bay FC,23-313,2001,5,4,0.8,318,3.5,0,0,1,0.2,1,0.2,0,0,0,0,1,0,1,0.1,0.02,0.1,1.1,1.2,4,27,7
26,Malia Berkely,us USA,DF,Courage,27-152,1998,6,6,1,488,5.4,0,0,1,0.166666667,1,0.166666667,0,0,0,0,0,0,0,0.1,0.016666667,0.1,0.3,0.4,3,26,2
274,Meredith Speck,us USA,FW,Courage,32-164,1993,6,2,0.333333333,195,2.2,0,0,1,0.166666667,1,0.166666667,0,0,0,0,0,0,0,0,0,0,0.4,0.4,3,6,35
88,Claire Emslie,sct SCO,"FW,MF",Angel City,31-129,1994,8,7,0.875,519,5.8,0,0,1,0.125,1,0.125,0,0,0,0,0,0,0,1.2,0.15,1.2,1.3,2.5,14,21,41
308,Summer Yates,us USA,MF,Pride,25-028,2000,8,4,0.5,356,4,0,0,1,0.125,1,0.125,0,0,0,0,1,0,1,1.1,0.1375,1.1,2.1,3.1,7,9,16
102,Morgan Gautrat,us USA,MF,Pride,32-139,1993,9,8,0.888888889,534,5.9,0,0,1,0.111111111,1,0.111111111,0,0,0,0,0,0,0,0.8,0.088888889,0.8,1.2,2,3,40,14
20,Lauren Barnes,us USA,DF,Reign,36-045,1989,10,9,0.9,713,7.9,0,0,1,0.1,1,0.1,0,0,0,0,2,0,2,0,0,0,0.6,0.6,4,36,1
121,Oihane Hernández,es ESP,DF,Pride,25-072,2000,10,7,0.7,487,5.4,0,0,1,0.1,1,0.1,0,0,0,0,0,0,0,0.3,0.03,0.3,0.8,1.1,17,17,28
279,Ella Stevens,us USA,MF,Gotham FC,27-216,1997,10,7,0.7,645,7.2,0,0,1,0.1,1,0.1,0,0,0,0,2,0,2,0.9,0.09,0.9,1.6,2.5,14,13,40
30,Camryn Biegalski,us USA,DF,Chicago Stars,26-338,1998,11,9,0.818181818,831,9.2,0,0,1,0.090909091,1,0.090909091,0,0,0,0,1,0,1,0.1,0.009090909,0.1,0.6,0.7,12,25,11
40,Bruninha,br BRA,"DF,MF",Gotham FC,23-029,2002,11,7,0.636363636,633,7,0,0,1,0.090909091,1,0.090909091,0,0,0,0,1,0,1,0,0,0,1.2,1.2,17,43,39
96,Bea Franklin,us USA,"MF,DF",Chicago Stars,24-284,2000,11,10,0.909090909,923,10.3,0,0,1,0.090909091,1,0.090909091,0,0,0,0,0,0,0,0.3,0.027272727,0.3,0.9,1.2,0,22,9
195,Maddie Mercado,us USA,"FW,MF",Reign,24-105,2001,11,4,0.363636364,354,3.9,0,0,1,0.090909091,1,0.090909091,0,0,0,0,0,0,0,0.4,0.036363636,0.4,0.5,0.9,6,10,21
10,Angelina,br BRA,MF,Pride,25-170,2000,12,10,0.833333333,890,9.9,0,0,1,0.083333333,1,0.083333333,0,0,0,0,0,0,0,1.2,0.1,1.2,2.2,3.4,7,46,60
73,Kate Del Fava,us USA,DF,Royals,26-357,1998,13,13,1,1170,13,0,0,1,0.076923077,1,0.076923077,0,0,0,0,1,0,1,0.3,0.023076923,0.3,0.3,0.6,6,69,8
76,Vanessa DiBernardo,us USA,"MF,FW",Current,33-061,1992,13,11,0.846153846,886,9.8,0,0,1,0.076923077,1,0.076923077,0,0,0,0,1,0,1,0.7,0.053846154,0.7,1.4,2.1,19,58,27
132,Taylor Huff,us USA,"MF,FW",Bay FC,22-333,2002,13,13,1,1080,12,0,0,1,0.076923077,1,0.076923077,0,0,0,0,1,0,1,1.9,0.146153846,1.9,1.2,3.1,15,52,47
146,Alanna Kennedy,au AUS,MF,Angel City,30-175,1995,13,13,1,1077,12,0,0,1,0.076923077,1,0.076923077,0,0,0,0,0,0,0,1.2,0.092307692,1.2,0.7,1.9,4,44,12
152,Shinomi Koyama,jp JPN,"MF,FW",Courage,20-165,2005,13,6,0.461538462,535,5.9,0,0,1,0.076923077,1,0.076923077,0,0,0,0,1,0,1,2.5,0.192307692,2.5,1.6,4.1,4,25,26
180,Nealy Martin,us USA,"MF,DF",Gotham FC,27-084,1998,13,11,0.846153846,979,10.9,0,0,1,0.076923077,1,0.076923077,0,0,0,0,1,0,1,0.3,0.023076923,0.3,0.4,0.6,3,30,6
188,Amanda McGlynn,us USA,GK,Royals,26-254,1998,13,13,1,1170,13,0,0,1,0.076923077,1,0.076923077,0,0,0,0,2,0,2,0,0,0,0.8,0.8,1,0,0
196,Samantha Meza,us USA,MF,Reign,23-250,2001,13,9,0.692307692,877,9.7,0,0,1,0.076923077,1,0.076923077,0,0,0,0,0,0,0,0.2,0.015384615,0.2,1.3,1.5,8,28,13
197,Lauren Milliet,us USA,DF,Louisville,28-226,1996,13,13,1,1170,13,0,0,1,0.076923077,1,0.076923077,0,0,0,0,0,0,0,0.2,0.015384615,0.2,1.1,1.3,25,62,20
222,Katie O’Kane,,MF,Louisville,,,13,8,0.615384615,654,7.3,0,0,1,0.076923077,1,0.076923077,0,0,0,0,2,0,2,0.6,0.046153846,0.6,0.5,1.1,5,28,17
1,Kerry Abello,us USA,DF,Pride,25-301,1999,13,10,0.769230769,923,10.3,0,0,0,0,0,0,0,0,0,0,1,0,1,0.3,0.023076923,0.3,0.5,0.8,32,62,32
5,Emmie Allen,us USA,GK,Bay FC,22-263,2002,2,2,1,180,2,0,0,0,0,0,0,0,0,0,0,0,0,0,0,0,0,0,0,0,0,0
6,Michelle Alozie,ng NGA,"DF,MF",Dash,28-078,1997,10,1,0.1,293,3.3,0,0,0,0,0,0,0,0,0,0,0,0,0,0.1,0.01,0.1,0.1,0.2,8,8,25
7,Angelina Anderson,us USA,GK,Angel City,24-115,2001,13,13,1,1170,13,0,0,0,0,0,0,0,0,0,0,0,0,0,0,0,0,0,0,0,0,1
8,Hannah Anderson,us USA,DF,Chicago Stars,24-103,2001,8,3,0.375,371,4.1,0,0,0,0,0,0,0,0,0,0,0,0,0,0.4,0.05,0.4,0,0.4,0,5,0
12,Mackenzie Arnold,au AUS,GK,Thorns,31-140,1994,6,6,1,540,6,0,0,0,0,0,0,0,0,0,0,0,0,0,0,0,0,0,0,0,0,0
15,Ramona Bachmann,ch SUI,MF,Dash,34-202,1990,2,0,0,37,0.4,0,0,0,0,0,0,0,0,0,0,0,0,0,0,0,0,0,0,0,1,2
16,Dorian Bailey,us USA,MF,Bay FC,28-168,1997,11,7,0.636363636,630,7,0,0,0,0,0,0,0,0,0,0,2,0,2,0.4,0.036363636,0.4,1,1.4,4,28,18
17,Elizabeth Ball,us USA,DF,Current,29-268,1995,9,7,0.777777778,629,7,0,0,0,0,0,0,0,0,0,0,0,0,0,0.1,0.011111111,0.1,0,0.1,0,4,1
21,Catherine Barry,us USA,FW,Chicago Stars,23-211,2001,4,0,0,49,0.5,0,0,0,0,0,0,0,0,0,0,0,0,0,0.3,0.075,0.3,0,0.3,0,1,4
24,Maycee Bell,us USA,DF,Courage,24-300,2000,11,10,0.909090909,918,10.2,0,0,0,0,0,0,0,0,0,0,1,0,1,1,0.090909091,1,0.2,1.1,2,22,3
25,Ann-Katrin Berger,de GER,GK,Gotham FC,34-279,1990,13,13,1,1167,13,0,0,0,0,0,0,0,0,0,0,0,0,0,0,0,0,0,0,0,6,0
27,Rebeca Bernal,mx MEX,"DF,MF",Spirit,27-318,1997,13,12,0.923076923,1077,12,0,0,0,0,0,0,0,0,0,0,1,0,1,0.8,0.061538462,0.8,0.7,1.5,5,47,4
29,Croix Bethune,us USA,"MF,FW",Spirit,24-123,2001,8,5,0.625,439,4.9,0,0,0,0,0,0,0,0,0,0,0,0,0,0.5,0.0625,0.5,0.8,1.3,13,18,23
31,Jenna Bike,us USA,"FW,MF",Chicago Stars,27-163,1998,4,3,0.75,222,2.5,0,0,0,0,0,0,0,0,0,0,0,0,0,0,0,0,0.1,0.2,1,3,16
32,Bella Bixby,us USA,GK,Thorns,29-237,1995,7,7,1,630,7,0,0,0,0,0,0,0,0,0,0,0,0,0,0,0,0,0,0,0,0,0
34,Jordyn Bloomer,us USA,GK,Louisville,27-274,1997,7,7,1,630,7,0,0,0,0,0,0,0,0,0,0,0,0,0,0,0,0,0,0,0,0,0
36,Tess Boade,us USA,MF,Bay FC,26-162,1999,7,2,0.285714286,223,2.5,0,0,0,0,0,0,0,0,0,0,0,0,0,0,0,0,0,0,2,7,12
37,Jordan Brewster,us USA,DF,Bay FC,25-291,1999,1,1,1,25,0.3,0,0,0,0,0,0,0,0,0,0,0,0,0,0,0,0,0,0,0,0,0
42,Jane Campbell,us USA,GK,Dash,30-148,1995,8,8,1,720,8,0,0,0,0,0,0,0,0,0,0,0,0,0,0,0,0,0,0,0,0,0
43,Ryan Campbell,us USA,GK,Gotham FC,23-119,2002,1,0,0,3,0,0,0,0,0,0,0,0,0,0,0,0,0,0,0,0,0,0,0,0,0,0
44,Gabrielle Carle,ca CAN,DF,Spirit,26-276,1998,13,13,1,1112,12.4,0,0,0,0,0,0,0,0,0,0,1,0,1,0.5,0.038461538,0.5,0.9,1.5,19,30,31
45,Jess Carter,eng ENG,DF,Gotham FC,27-261,1997,10,10,1,775,8.6,0,0,0,0,0,0,0,0,0,0,1,1,2,0.1,0.01,0.1,0.1,0.2,5,31,7
46,Kyra Carusa,ie IRL,FW,Wave,29-243,1995,7,1,0.142857143,184,2,0,0,0,0,0,0,0,0,0,0,0,0,0,0.2,0.028571429,0.2,0.2,0.4,2,4,15
49,Grace Chanda,zm ZAM,MF,Pride,28-034,1997,3,0,0,33,0.4,0,0,0,0,0,0,0,0,0,0,0,0,0,0.1,0.033333333,0.1,0,0.1,0,2,1
50,Zara Chavosi,ca CAN,DF,Pride,22-221,2002,4,2,0.5,177,2,0,0,0,0,0,0,0,0,0,0,0,0,0,0,0,0,0,0,1,10,0
53,Mikayla Cluff,us USA,MF,Royals,26-140,1999,7,1,0.142857143,155,1.7,0,0,0,0,0,0,0,0,0,0,1,0,1,0.1,0.014285714,0.1,0,0.1,0,7,5
55,Danielle Colaprico,us USA,MF,Dash,32-070,1993,13,13,1,1064,11.8,0,0,0,0,0,0,0,0,0,0,2,0,2,0.4,0.030769231,0.4,0.1,0.5,2,32,4
57,Alana Cook,us USA,DF,Current,28-095,1997,7,7,1,586,6.5,0,0,0,0,0,0,0,0,0,0,0,0,0,0,0,0,0,0,0,7,0
58,Ava Cook,us USA,FW,Chicago Stars,25-010,2000,6,0,0,57,0.6,0,0,0,0,0,0,0,0,0,0,0,0,0,0,0,0,0.1,0.1,0,0,5
59,Sofia Cook,us USA,"MF,FW",Gotham FC,20-342,2004,5,0,0,89,1,0,0,0,0,0,0,0,0,0,0,0,0,0,0.1,0.02,0.1,0,0.1,4,6,6
62,Brooklyn Courtnall,ca CAN,"DF,FW",Courage,22-199,2002,2,0,0,29,0.3,0,0,0,0,0,0,0,0,0,0,0,0,0,0,0,0,0,0,2,2,4
63,Ana-Maria Crnogor?evi?,ch SUI,"FW,MF",Reign,34-285,1990,9,5,0.555555556,366,4.1,0,0,0,0,0,0,0,0,0,0,0,0,0,0.6,0.066666667,0.6,0,0.6,8,10,16
64,McKinley Crone,,GK,Pride,,,1,0,0,40,0.4,0,0,0,0,0,0,0,0,0,0,0,0,0,0,0,0,0,0,0,0,0
65,Chardonnay Curran,us USA,"MF,FW",Chicago Stars,25-331,1999,6,0,0,79,0.9,0,0,0,0,0,0,0,0,0,0,1,0,1,0.2,0.033333333,0.2,0,0.2,3,3,7
66,Madison Curry,us USA,DF,Reign,24-173,2001,13,11,0.846153846,979,10.9,0,0,0,0,0,0,0,0,0,0,2,0,2,0.1,0.007692308,0.1,0.4,0.5,16,40,44
68,Abby Dahlkemper,us USA,DF,Bay FC,32-063,1993,13,13,1,1170,13,0,0,0,0,0,0,0,0,0,0,2,0,2,0.8,0.061538462,0.8,0.3,1.1,2,38,2
69,Daiane,br BRA,DF,Thorns,27-311,1997,1,0,0,7,0.1,0,0,0,0,0,0,0,0,0,0,0,0,0,0,0,0,0,0,0,0,0
71,Tierna Davidson,us USA,DF,Gotham FC,26-300,1998,3,3,1,223,2.5,0,0,0,0,0,0,0,0,0,0,0,0,0,0.2,0.066666667,0.2,0,0.2,3,12,0
75,Margie Detrizio,,MF,Spirit,,,2,0,0,9,0.1,0,0,0,0,0,0,0,0,0,0,0,0,0,0,0,0,0,0,0,0,0
77,Claudia Dickey,us USA,GK,Reign,25-190,2000,13,13,1,1170,13,0,0,0,0,0,0,0,0,0,0,0,0,0,0,0,0,0,0,0,0,0
78,Marisa DiGrande,us USA,MF,Louisville,28-160,1997,10,3,0.3,371,4.1,0,0,0,0,0,0,0,0,0,0,1,0,1,0.1,0.01,0.1,0.3,0.4,2,17,9
79,Makenzy Doniak,us USA,"FW,MF",Wave,31-140,1994,8,0,0,90,1,0,0,0,0,0,0,0,0,0,0,0,0,0,0.5,0.0625,0.5,0.3,0.8,7,8,17
80,Imani Dorsey,us USA,DF,Royals,29-116,1996,7,1,0.142857143,146,1.6,0,0,0,0,0,0,0,0,0,0,0,0,0,0,0,0,0,0,2,5,11
82,Julie Dufour,fr FRA,"FW,MF",Angel City,24-047,2001,9,4,0.444444444,369,4.1,0,0,0,0,0,0,0,0,0,0,1,0,1,0,0,0,0.7,0.8,9,10,18
83,Kiley Dulaney,,DF,Spirit,,,1,0,0,10,0.1,0,0,0,0,0,0,0,0,0,0,0,0,0,0,0,0,0,0,0,1,0
84,Evelina Duljan,se SWE,"FW,MF",Dash,22-064,2003,7,2,0.285714286,208,2.3,0,0,0,0,0,0,0,0,0,0,0,0,0,0.1,0.014285714,0.1,0.1,0.2,7,9,18
85,Caprice Dydasco,us USA,DF,Bay FC,31-330,1993,13,13,1,1170,13,0,0,0,0,0,0,0,0,0,0,3,0,3,0.2,0.015384615,0.2,1.1,1.4,22,63,38
87,Favour Emmanuel,ng NGA,MF,Wave,22-311,2002,2,1,0.5,69,0.8,0,0,0,0,0,0,0,0,0,0,1,0,1,0,0,0,0,0,0,1,0
89,Bayley Feist,us USA,"MF,FW",Current,28-123,1997,7,0,0,78,0.9,0,0,0,0,0,0,0,0,0,0,2,0,2,0,0,0,0,0,1,6,4
94,Lauren Flynn,us USA,DF,Royals,23-054,2002,7,6,0.857142857,581,6.5,0,0,0,0,0,0,0,0,0,0,1,0,1,0,0,0,0,0,0,13,0
95,Dana Foederer,nl NED,MF,Royals,22-353,2002,13,9,0.692307692,800,8.9,0,0,0,0,0,0,0,0,0,0,1,0,1,0.2,0.015384615,0.2,0.3,0.5,3,25,15
97,Macey Fraser,nz NZL,FW,Royals,23-004,2002,5,2,0.4,190,2.1,0,0,0,0,0,0,0,0,0,0,0,0,0,0.2,0.04,0.2,0,0.2,0,8,7
98,Mandy Freeman,us USA,DF,Gotham FC,30-114,1995,9,6,0.666666667,611,6.8,0,0,0,0,0,0,0,0,0,0,0,1,1,0,0,0,0.2,0.2,6,28,6
100,Jordan Fusco,us USA,MF,Wave,21-307,2003,1,0,0,1,0,0,0,0,0,0,0,0,0,0,0,0,0,0,0,0,0,0,0,0,0,0
103,Justina Gaynor,us USA,DF,Chicago Stars,23-206,2001,2,1,0.5,72,0.8,0,0,0,0,0,0,0,0,0,0,1,0,1,0,0,0,0.1,0.1,0,2,0
105,Hanna Glas,se SWE,FW,Reign,32-090,1993,1,0,0,1,0,0,0,0,0,0,0,0,0,0,0,0,0,0,0,0,0,0,0,0,0,0
108,Sarah Gorden,us USA,DF,Angel City,32-305,1992,13,13,1,1154,12.8,0,0,0,0,0,0,0,0,0,0,1,0,1,0,0,0,0,0.1,11,57,1
112,Ana María Guzmán,co COL,"DF,FW",Royals,20-034,2005,5,0,0,78,0.9,0,0,0,0,0,0,0,0,0,0,0,0,0,0,0,0,0,0,0,2,5
113,Madison Hammond,us USA,MF,Angel City,27-242,1997,12,2,0.166666667,358,4,0,0,0,0,0,0,0,0,0,0,0,0,0,0.3,0.025,0.3,0.1,0.4,2,24,9
116,Khyah Harper,us USA,"MF,FW",Gotham FC,22-334,2002,6,0,0,71,0.8,0,0,0,0,0,0,0,0,0,0,1,0,1,0,0,0,0,0,2,2,13
117,Josefine Hasbo,dk DEN,MF,Gotham FC,23-237,2001,1,0,0,45,0.5,0,0,0,0,0,0,0,0,0,0,0,0,0,0,0,0,0,0,0,0,2
118,Ella Hase,us USA,"DF,FW",Louisville,23-003,2002,10,4,0.4,459,5.1,0,0,0,0,0,0,0,0,0,0,1,0,1,0.1,0.01,0.1,0.4,0.6,6,13,24
120,Manaka Hayashi,jp JPN,MF,Chicago Stars,20-333,2004,6,3,0.5,257,2.9,0,0,0,0,0,0,0,0,0,0,0,0,0,0.1,0.016666667,0.1,0.2,0.3,3,4,4
122,Hal Hershfelt,us USA,MF,Spirit,22-285,2002,6,4,0.666666667,374,4.2,0,0,0,0,0,0,0,0,0,0,2,0,2,0.4,0.066666667,0,0.2,0.2,2,21,5
123,Samantha Hiatt,us USA,DF,Thorns,27-190,1998,10,10,1,900,10,0,0,0,0,0,0,0,0,0,0,1,0,1,0.3,0.03,0.3,0.2,0.5,0,34,2
125,Sophie Hirst,us USA,"MF,FW",Thorns,25-140,2000,3,0,0,39,0.4,0,0,0,0,0,0,0,0,0,0,0,0,0,0,0,0,0,0,0,2,1
131,Kelli Hubly,us USA,DF,Bay FC,30-340,1994,3,2,0.666666667,219,2.4,0,0,0,0,0,0,0,0,0,0,0,0,0,0.2,0.066666667,0.2,0,0.3,0,4,0
136,Simone Jackson,us USA,MF,Pride,22-168,2003,1,0,0,20,0.2,0,0,0,0,0,0,0,0,0,0,0,0,0,0,0,0,0,0,0,2,3
137,Natalie Jacobs,us USA,DF,Dash,27-333,1997,10,9,0.9,818,9.1,0,0,0,0,0,0,0,0,0,0,0,0,0,0.2,0.02,0.2,0.2,0.4,5,31,6
138,Angharad James,wls WAL,MF,Reign,31-044,1994,10,9,0.9,755,8.4,0,0,0,0,0,0,0,0,0,0,0,0,0,0.1,0.01,0.1,0.6,0.7,0,21,12
140,Mwanalima Jereko,ke KEN,MF,Current,27-314,1997,1,0,0,1,0,0,0,0,0,0,0,0,0,0,0,0,0,0,0,0,0,0,0,0,0,1
141,Hannah Johnson,us USA,DF,Angel City,22-145,2003,1,0,0,29,0.3,0,0,0,0,0,0,0,0,0,0,0,0,0,0,0,0,0,0,1,1,0
142,Micayla Johnson,us USA,"MF,FW",Chicago Stars,17-178,2008,10,0,0,124,1.4,0,0,0,0,0,0,0,0,0,0,0,0,0,0.2,0.02,0.2,0.2,0.3,5,3,8
143,Sydney Jones,,FW,Royals,,,1,0,0,7,0.1,0,0,0,0,0,0,0,0,0,0,0,0,0,0,0,0,0,0,0,0,4
147,Savannah King,us USA,DF,Angel City,20-158,2005,8,8,1,708,7.9,0,0,0,0,0,0,0,0,0,0,2,0,2,0.1,0.0125,0.1,0,0.1,1,11,0
148,Aubrey Kingsbury,us USA,GK,Spirit,33-237,1991,12,12,1,1080,12,0,0,0,0,0,0,0,0,0,0,0,0,0,0,0,0,0,0,0,2,0
149,Cecelia Kizer,us USA,MF,Gotham FC,28-007,1997,3,0,0,38,0.4,0,0,0,0,0,0,0,0,0,0,0,0,0,0,0,0,0,0,2,2,4
154,Natalia Kuikka,fi FIN,DF,Chicago Stars,29-226,1995,3,2,0.666666667,155,1.7,0,0,0,0,0,0,0,0,0,0,0,0,0,0.1,0.033333333,0.1,0,0.1,4,9,0
158,Rose Lavelle,us USA,MF,Gotham FC,30-062,1995,3,1,0.333333333,73,0.8,0,0,0,0,0,0,0,0,0,0,0,0,0,0.2,0.066666667,0.2,0,0.2,1,8,5
160,Ally Lemos,us USA,MF,Pride,21-133,2004,13,4,0.307692308,486,5.4,0,0,0,0,0,0,0,0,0,0,3,0,3,0.5,0.038461538,0.5,0.3,0.8,3,35,15
162,Katie Lind,us USA,DF,Dash,31-150,1994,12,12,1,1080,12,0,0,0,0,0,0,0,0,0,0,0,0,0,0.7,0.058333333,0.7,0.6,1.3,0,14,0
164,Alex Loera,us USA,MF,Royals,26-026,1999,1,0,0,7,0.1,0,0,0,0,0,0,0,0,0,0,0,0,0,0,0,0,0,0,0,2,0
165,Mary Long,us USA,FW,Current,18-172,2007,4,0,0,47,0.5,0,0,0,0,0,0,0,0,0,0,0,0,0,0,0,0,0,0,2,2,7
167,Lorena,br BRA,GK,Current,28-070,1997,13,13,1,1170,13,0,0,0,0,0,0,0,0,0,0,0,0,0,0,0,0,0,0,0,0,0
169,Katie Lund,us USA,GK,Louisville,28-230,1996,6,6,1,540,6,0,0,0,0,0,0,0,0,0,0,0,0,0,0,0,0,0,0,0,0,0
171,Tyler Lussi,us USA,"FW,MF",Courage,30-170,1995,8,4,0.5,374,4.2,0,0,0,0,0,0,0,0,0,0,1,0,1,1,0.125,1,0.3,1.4,6,13,33
173,Sandy MacIver,sct SCO,GK,Spirit,27-027,1998,1,1,1,90,1,0,0,0,0,0,0,0,0,0,0,0,0,0,0,0,0,0,0,0,0,0
174,Halle Mackiewicz,us USA,GK,Chicago Stars,23-294,2001,4,3,0.75,271,3,0,0,0,0,0,0,0,0,0,0,0,0,0,0,0,0,0,0,0,0,0
175,Maiara,br BRA,MF,Angel City,20-338,2004,1,0,0,6,0.1,0,0,0,0,0,0,0,0,0,0,0,0,0,0.2,0.2,0.2,0,0.2,0,0,0
176,Taylor Malham,us USA,DF,Chicago Stars,26-056,1999,13,13,1,1170,13,0,0,0,0,0,0,0,0,0,0,3,0,3,0.1,0.007692308,0.1,0.2,0.3,11,26,22
179,Lacho Marta,ao ANG,"DF,FW",Current,26-121,1999,5,1,0.2,92,1,0,0,0,0,0,0,0,0,0,0,0,0,0,0.1,0.02,0.1,0.1,0.2,3,4,8
181,Brianna Martinez,us USA,FW,Pride,25-084,2000,1,0,0,1,0,0,0,0,0,0,0,0,0,0,0,0,0,0,0,0,0,0,0,0,1,1
182,Emily Mason,us USA,DF,Reign,22-265,2002,8,2,0.25,244,2.7,0,0,0,0,0,0,0,0,0,0,1,0,1,0,0,0,0,0,3,5,3
184,Sophia Mattice,us USA,"DF,MF",Angel City,23-020,2002,3,0,0,27,0.3,0,0,0,0,0,0,0,0,0,0,0,0,0,0,0,0,0,0,1,1,2
185,Ainsley Mccammon,us USA,MF,Reign,17-333,2007,7,3,0.428571429,212,2.4,0,0,0,0,0,0,0,0,0,0,0,0,0,0.1,0.014285714,0.1,0,0.1,0,12,2
186,Savannah McCaskill,us USA,MF,Wave,28-349,1996,13,13,1,1170,13,0,0,0,0,0,0,0,0,0,0,2,0,2,0.2,0.015384615,0.2,0.3,0.4,4,80,13
187,Phoebe McClernon,us USA,DF,Reign,27-214,1997,13,13,1,1159,12.9,0,0,0,0,0,0,0,0,0,0,1,0,1,0.2,0.015384615,0.2,0,0.3,1,21,0
189,Mallie McKenzie,us USA,DF,Thorns,24-244,2000,11,3,0.272727273,402,4.5,0,0,0,0,0,0,0,0,0,0,0,0,0,0,0,0,0.2,0.2,1,8,4
191,Quincy McMahon,us USA,DF,Wave,21-292,2003,4,0,0,5,0.1,0,0,0,0,0,0,0,0,0,0,0,0,0,0.1,0.025,0.1,0,0.1,1,0,1
193,Emily Menges,us USA,DF,Bay FC,32-352,1992,5,3,0.6,260,2.9,0,0,0,0,0,0,0,0,0,0,1,0,1,0,0,0,0,0,2,17,0
199,Paige Monaghan,us USA,"DF,FW",Royals,28-244,1996,4,2,0.5,161,1.8,0,0,0,0,0,0,0,0,0,0,1,0,1,0,0,0,0,0,0,3,3
201,Nérilia Mondésir,ht HAI,"FW,MF",Reign,26-179,1999,8,4,0.5,371,4.1,0,0,0,0,0,0,0,0,0,0,1,0,1,0.8,0.1,0.8,0.1,0.9,12,10,29
202,Anna Moorhouse,eng ENG,GK,Pride,30-107,1995,13,13,1,1130,12.6,0,0,0,0,0,0,0,0,0,0,0,0,0,0,0,0,0,0,0,3,0
203,Madeline Moreau,us USA,"DF,MF",Bay FC,24-222,2000,4,2,0.5,141,1.6,0,0,0,0,0,0,0,0,0,0,0,0,0,0.1,0.025,0.1,0.2,0.3,4,1,5
205,Miyabi Moriya,jp JPN,DF,Angel City,28-327,1996,12,3,0.25,470,5.2,0,0,0,0,0,0,0,0,0,0,1,0,1,0.1,0.008333333,0.1,0.8,0.9,1,22,15
210,Casey Murphy,us USA,GK,Courage,29-081,1996,13,13,1,1170,13,0,0,0,0,0,0,0,0,0,0,0,0,0,0,0,0,0,0,0,1,0
211,Alyssa Naeher,us USA,GK,Chicago Stars,37-086,1988,10,10,1,899,10,0,0,0,0,0,0,0,0,0,0,0,0,0,0,0,0,0,0,0,0,0
212,Aria Nagai,,MF,Royals,,,1,0,0,26,0.3,0,0,0,0,0,0,0,0,0,0,0,0,0,0,0,0,0,0,0,1,2
213,Leilanni Nesbeth,bm BER,"FW,MF",Chicago Stars,23-363,2001,4,0,0,60,0.7,0,0,0,0,0,0,0,0,0,0,2,0,2,0,0,0,0,0,1,1,4
215,Stella Nyamekye,gh GHA,MF,Gotham FC,19-300,2005,2,0,0,24,0.3,0,0,0,0,0,0,0,0,0,0,0,0,0,0,0,0,0,0,0,0,0
217,Isabella Obaze,dk DEN,DF,Thorns,22-258,2002,9,9,1,748,8.3,0,0,0,0,0,0,0,0,0,0,0,0,0,0.1,0.011111111,0.1,0.2,0.3,3,18,3
220,Diana Ordoñez,mx MEX,FW,Dash,23-292,2001,3,1,0.333333333,72,0.8,0,0,0,0,0,0,0,0,0,0,0,0,0,0.5,0.166666667,0.5,0,0.5,1,1,1
221,Asisat Oshoala,ng NGA,FW,Bay FC,30-279,1994,11,5,0.454545455,447,5,0,0,0,0,0,0,0,0,0,0,1,0,1,0.9,0.081818182,0.9,0.3,1.2,6,8,30
226,Casey Phair,kr KOR,"FW,MF",Angel City,18-016,2007,5,0,0,90,1,0,0,0,0,0,0,0,0,0,0,0,0,0,0,0,0,0.1,0.1,3,1,2
229,Elli Pikkujämsä,fi FIN,MF,Louisville,25-264,1999,1,0,0,9,0.1,0,0,0,0,0,0,0,0,0,0,0,0,0,0,0,0,0,0,0,1,0
231,Madison Pogarch,us USA,DF,Royals,27-252,1997,13,4,0.307692308,579,6.4,0,0,0,0,0,0,0,0,0,0,2,0,2,0.1,0.007692308,0.1,0.2,0.3,7,19,10
234,Nichelle Prince,ca CAN,"FW,MF",Current,30-146,1995,9,3,0.333333333,340,3.8,0,0,0,0,0,0,0,0,0,0,1,0,1,0.4,0.044444444,0.4,0.3,0.8,14,2,31
235,Sarah Puntigam,at AUT,MF,Dash,32-275,1992,6,1,0.166666667,127,1.4,0,0,0,0,0,0,0,0,0,0,2,1,3,0,0,0,0,0,0,7,5
236,Margaret Purce,us USA,"MF,FW",Gotham FC,29-300,1995,9,3,0.333333333,361,4,0,0,0,0,0,0,0,0,0,0,0,0,0,0.3,0.033333333,0.3,0.3,0.7,15,9,32
237,Nuria Rábano,es ESP,DF,Royals,26-030,1999,10,9,0.9,611,6.8,0,0,0,0,0,0,0,0,0,0,3,0,3,0,0,0,0.3,0.3,7,15,4
238,Rafaelle,br BRA,DF,Pride,34-027,1991,2,2,1,107,1.2,0,0,0,0,0,0,0,0,0,0,0,0,0,0,0,0,0,0,0,4,0
242,KK Ream,us USA,"FW,MF",Royals,16-008,2009,7,1,0.142857143,156,1.7,0,0,0,0,0,0,0,0,0,0,0,0,0,0.4,0.057142857,0.4,0.1,0.6,2,0,5
243,Megan Reid,us USA,DF,Angel City,29-097,1996,11,5,0.454545455,487,5.4,0,0,0,0,0,0,0,0,0,0,1,0,1,0.2,0.018181818,0.2,0.1,0.3,0,11,1
245,Chloe Ricketts,us USA,"MF,FW",Spirit,18-053,2007,7,2,0.285714286,163,1.8,0,0,0,0,0,0,0,0,0,0,0,0,0,0.1,0.014285714,0.1,0,0.1,0,3,3
246,Kaleigh Riehl,us USA,DF,Royals,28-267,1996,2,0,0,41,0.5,0,0,0,0,0,0,0,0,0,0,0,0,0,0,0,0,0,0,1,5,0
247,Cari Roccaro,us USA,"DF,MF",Chicago Stars,30-362,1994,13,13,1,1142,12.7,0,0,0,0,0,0,0,0,0,0,2,0,2,0,0,0,0,0,0,15,1
248,Trinity Rodman,us USA,"FW,MF",Spirit,23-056,2002,4,1,0.25,166,1.8,0,0,0,0,0,0,0,0,0,0,0,0,0,0.4,0.1,0.4,0.1,0.5,8,1,19
250,Raquel Rodríguez,cr CRC,MF,Current,31-260,1993,10,4,0.4,456,5.1,0,0,0,0,0,0,0,0,0,0,3,0,3,0.1,0.01,0.1,0.2,0.3,2,28,4
252,Emily Sams,us USA,DF,Pride,26-014,1999,13,12,0.923076923,1103,12.3,0,0,0,0,0,0,0,0,0,0,0,0,0,0,0,0,0.3,0.3,17,68,9
257,Sophie Schmidt,ca CAN,MF,Dash,37-017,1988,5,3,0.6,190,2.1,0,0,0,0,0,0,0,0,0,0,0,0,0,0.2,0.04,0.2,0.4,0.6,0,7,2
264,Jamie Shepherd,us USA,MF,Bay FC,24-279,2000,6,0,0,54,0.6,0,0,0,0,0,0,0,0,0,0,0,0,0,0,0,0,0,0,1,2,2
265,Kailen Sheridan,ca CAN,GK,Wave,29-364,1995,13,13,1,1170,13,0,0,0,0,0,0,0,0,0,0,0,0,0,0,0,0,0,0,0,2,0
266,Jordan Silkowitz,us USA,GK,Bay FC,25-110,2000,11,11,1,990,11,0,0,0,0,0,0,0,0,0,0,1,0,1,0,0,0,0,0,0,0,0
267,Jéssica Silva,pt POR,"MF,DF",Gotham FC,30-216,1994,3,1,0.333333333,90,1,0,0,0,0,0,0,0,0,0,0,0,0,0,0.8,0.266666667,0.8,0,0.8,3,3,4
268,Abby Smith,us USA,GK,Dash,31-284,1993,5,5,1,450,5,0,0,0,0,0,0,0,0,0,0,0,0,0,0,0,0,0,0,0,0,0
270,Aisha Solórzano,gt GUA,FW,Royals,27-093,1998,8,4,0.5,380,4.2,0,0,0,0,0,0,0,0,0,0,0,0,0,0.1,0.0125,0.1,0.7,0.9,2,10,16
272,Emily Sonnett,us USA,DF,Gotham FC,31-232,1993,13,13,1,1170,13,0,0,0,0,0,0,0,0,0,0,1,0,1,0.5,0.038461538,0.5,0.2,0.7,7,40,6
273,Alexa Spaanstra,us USA,"FW,MF",Thorns,25-164,2000,8,1,0.125,163,1.8,0,0,0,0,0,0,0,0,0,0,0,0,0,0.3,0.0375,0.3,0,0.3,3,8,14
277,Heather Stainbrook,us USA,MF,Spirit,24-123,2001,7,4,0.571428571,282,3.1,0,0,0,0,0,0,0,0,0,0,0,0,0,0.1,0.014285714,0.1,0,0.1,1,6,1
278,Talia Staude,us USA,DF,Courage,24-086,2001,7,7,1,616,6.8,0,0,0,0,0,0,0,0,0,0,0,0,0,0.4,0.057142857,0.4,0.1,0.4,5,34,5
280,Kylie Strom,us USA,DF,Pride,33-119,1992,12,12,1,1062,11.8,0,0,0,0,0,0,0,0,0,0,0,0,0,0.1,0.008333333,0.1,0.2,0.3,7,48,3
282,Kysha Sylla,fr FRA,"DF,MF",Spirit,21-161,2004,9,0,0,141,1.6,0,0,0,0,0,0,0,0,0,0,1,0,1,0,0,0,0,0,1,4,0
284,Ana Tejada,es ESP,"DF,MF",Royals,23-043,2002,12,12,1,1036,11.5,0,0,0,0,0,0,0,0,0,0,5,1,6,0.1,0.008333333,0.1,0.3,0.4,3,31,6
287,Janni Thomsen,dk DEN,DF,Royals,25-149,2000,13,11,0.846153846,973,10.8,0,0,0,0,0,0,0,0,0,0,1,0,1,0.8,0.061538462,0.8,0.3,1.2,30,24,36
290,Kaitlyn Torpey,au AUS,DF,Thorns,25-120,2000,10,10,1,772,8.6,0,0,0,0,0,0,0,0,0,0,2,0,2,0,0,0,0.6,0.7,8,27,19
291,Taryn Torres,us USA,MF,Gotham FC,26-083,1999,11,7,0.636363636,643,7.1,0,0,0,0,0,0,0,0,0,0,3,0,3,0.2,0.018181818,0.2,0.1,0.4,5,24,4
293,Olivia Van der Jagt,us USA,MF,Reign,25-359,1999,3,0,0,21,0.2,0,0,0,0,0,0,0,0,0,0,0,0,0,0,0,0,0,0,0,3,1
294,Kiki Van Zanten,jm JAM,MF,Dash,23-324,2001,5,1,0.2,143,1.6,0,0,0,0,0,0,0,0,0,0,0,0,0,0.3,0.06,0.3,0.2,0.5,1,6,7
296,Viviana Villacorta,us USA,"MF,DF",Pride,26-163,1999,4,0,0,54,0.6,0,0,0,0,0,0,0,0,0,0,0,0,0,0,0,0,0,0,0,2,4
299,Dani Weatherholt,us USA,"DF,MF",Courage,31-120,1994,3,0,0,20,0.2,0,0,0,0,0,0,0,0,0,0,0,0,0,0,0,0,0,0,0,2,0
302,Christen Westphal,us USA,DF,Dash,31-316,1993,8,7,0.875,529,5.9,0,0,0,0,0,0,0,0,0,0,2,0,2,0,0,0,0.1,0.1,6,28,7
303,Ellie Wheeler,us USA,"DF,MF",Current,23-213,2001,12,8,0.666666667,739,8.2,0,0,0,0,0,0,0,0,0,0,0,0,0,0.5,0.041666667,0.5,0,0.5,9,16,14
304,Mak Whitham,us USA,"MF,FW",Gotham FC,14-353,2010,6,0,0,59,0.7,0,0,0,0,0,0,0,0,0,0,0,0,0,0.2,0.033333333,0.2,0,0.2,1,1,7
305,Kate Wiesner,us USA,MF,Spirit,24-154,2001,1,0,0,7,0.1,0,0,0,0,0,0,0,0,0,0,0,0,0,0,0,0,0,0,0,0,0
