SEASON_ID,SNAPSHOT_DATE,TEAM_ID,TEAM_ABBR,PLAYER_ID,NAME,POSITION,STATUS,AGE,HEIGHT,WEIGHT,BIRTH_COUNTRY,BIRTH_CITY,ROOKIE,GAMES_PLAYED,GOALS,ASSISTS,POINTS,WINS,LOSSES,WL_RATIO,OT_WINS,OT_LOSSES,SO_WINS,SO_LOSSES,SO_WL_RATIO,GOALS_AGAINST,EVEN_STR_GOALS_AGAINST,PP_GOALS_AGAINST,SH_GOALS_AGAINST,SHOTS_AGAINST,EVEN_STR_SHOTS_AGAINST,PP_SHOTS_AGAINST,SH_SHOTS_AGAINST,OT_GOALS_AGAINST,SAVES,SAVESPG,EVEN_STR_SAVES,PP_SAVES,SH_SAVES,GAA,SAVE_PCT,BRICK_WALL,SHUTOUTS,GAMES_STARTED,CREDIT_FOR_GAME,SO_SAVE_PCT,SO_GA,MIN_PLAYED,PENALTIES,PIM,GOONY_BIG_PADS,FIGHTS,SHIFTS,EVEN_STR_SHIFTS,PP_SHIFTS,SH_SHIFTS,TIME_ON_ICE,EVENT_TOI,PP_TOI,SH_TOI,TEAM_ABBR_CANON,division,conference
2025-2026,20260228,12,TOR,56666,Artur Akhtyamov,G,ASSIGNED_TO_MINORS,24,"6'2""",170,Russia,Kazan,True,1,0,0,0,0,0,,0,0,0,0,,0,0,0,0,5,5,0,0,0,5,5.0,5,0,0,0.0,1.0,100.0,0,0,0,0.0,0,11,0,0,0.0,0,1,0,0,0,632,0,0,0,TOR,Atlantic,Eastern
2025-2026,20260228,7,NJD,5107,Jake Allen,G,ROSTER,35,"6'2""",195,Canada,"Fredericton, NB",False,29,0,1,1,12,15,0.8,1,1,3,0,inf,75,67,8,0,797,687,94,16,1,723,24.93,621,86,16,2.641,0.907,80.67777778,1,24,28,0.88,1,1704,0,0,0.0,0,109,0,0,0,102245,0,0,0,NJD,Metropolitan,Eastern
2025-2026,20260228,3,CAR,5109,Frederik Andersen,G,ROSTER,36,"6'4""",238,Denmark,Herning,False,22,0,0,0,7,10,0.7,1,5,1,2,0.5,72,57,13,2,560,458,79,23,3,488,22.18,401,66,21,3.26,0.871,75.43888889,0,22,22,0.75,3,1325,2,4,2.5,0,92,0,0,0,79499,0,0,0,CAR,Metropolitan,Eastern
2025-2026,20260228,18,NSH,28463,Justus Annunen,G,ROSTER,25,"6'4""",210,Finland,Kempele,True,19,0,0,0,6,7,0.86,0,2,0,0,,51,39,12,0,445,358,76,11,2,395,20.79,320,64,11,3.156,0.888,76.86666667,0,8,15,0.0,0,970,0,0,0.0,0,67,0,0,0,58174,0,0,0,NSH,Central,Western
2025-2026,20260228,26,SJS,28527,Yaroslav Askarov,G,ROSTER,23,"6'3""",176,Russia,Omsk,True,36,0,0,0,17,16,1.06,6,2,2,0,inf,115,89,22,4,1026,814,183,29,2,912,25.33,726,161,25,3.517,0.889,74.91111111,0,33,35,1.0,0,1962,0,0,0.0,0,136,0,0,0,117712,0,0,0,SJS,Pacific,Western
2025-2026,20260228,17,STL,5908,Jordan Binnington,G,ROSTER,32,"6'1""",174,Canada,"Richmond Hill, ON",False,32,0,1,1,8,17,0.47,0,6,0,2,0.0,108,82,25,1,794,674,100,20,4,686,21.44,592,75,19,3.652,0.864,72.91111111,1,30,31,0.5,2,1775,2,4,2.5,0,111,0,0,0,106472,0,0,0,STL,Central,Western
2025-2026,20260228,22,COL,15438,Mackenzie Blackwood,G,ROSTER,29,"6'4""",225,Canada,"Thunder Bay, ON",False,23,0,0,0,16,6,2.67,2,1,0,0,,51,37,11,3,606,486,103,17,1,555,24.13,449,92,14,2.285,0.916,83.10555556,3,21,23,0.0,0,1339,0,0,0.0,0,86,0,0,0,80352,0,0,0,COL,Central,Western
2025-2026,20260228,4,FLO,4890,Sergei Bobrovsky,G,ROSTER,37,"6'2""",187,Russia,Novokuznetsk,False,41,0,1,1,22,17,1.29,2,1,3,0,inf,122,92,27,3,968,780,153,35,1,846,20.63,688,126,32,3.078,0.874,76.6,3,40,40,0.75,2,2378,3,9,5.62,1,153,0,0,0,142671,0,0,0,FLA,,
2025-2026,20260228,3,CAR,38744,Brandon Bussi,G,ROSTER,27,"6'5""",205,USA,"South Beach, NY",True,28,0,1,1,24,3,8.0,4,1,2,1,2.0,63,46,16,1,659,555,84,20,0,597,21.32,509,69,19,2.226,0.906,82.93333333,2,26,28,0.75,2,1698,1,2,1.25,0,105,0,0,0,101895,0,0,0,CAR,Metropolitan,Eastern
2025-2026,20260228,29,ANA,56256,Vyacheslav Buteyets,G,ASSIGNED_TO_OTHER,23,"6'4""",185,Russia,,False,1,0,0,0,0,0,,0,0,0,0,,3,2,1,0,13,12,1,0,0,10,10.0,10,0,0,9.0,0.769,38.45,0,0,0,0.0,0,20,0,0,0.0,0,1,0,0,0,1200,0,0,0,ANA,Pacific,Western
2025-2026,20260228,20,CHI,38004,Drew Commesso,G,ASSIGNED_TO_MINORS,23,"6'2""",180,USA,"Norwell, MA",True,2,0,0,0,1,1,1.0,0,0,0,0,,5,5,0,0,60,51,7,2,0,55,27.5,46,7,2,2.5,0.917,81.96111111,1,2,2,0.0,0,120,0,0,0.0,0,6,0,0,0,7200,0,0,0,CHI,Central,Western
2025-2026,20260228,2,WPJ,12468,Eric Comrie,G,ROSTER,30,"6'1""",175,Canada,"Edmonton, AB",False,20,0,0,0,10,9,1.11,1,1,0,1,0.0,56,38,16,2,523,440,69,14,0,467,23.35,402,53,12,3.006,0.893,77.95,0,17,20,0.67,1,1118,0,0,0.0,0,68,0,0,0,67055,0,0,0,WPG,,
2025-2026,20260228,23,CGY,28510,Devin Cooley,G,ROSTER,28,"6'5""",190,USA,"Los Gatos, CA",True,19,0,1,1,7,6,1.17,0,3,1,1,1.0,40,34,5,1,509,414,83,12,2,469,24.68,380,78,11,2.267,0.921,83.45555556,0,14,16,0.4,3,1059,1,2,1.25,0,69,0,0,0,63532,0,0,0,CGY,Pacific,Western
2025-2026,20260228,28,LAK,5571,Pheonix Copley,G,ASSIGNED_TO_MINORS,34,"6'4""",200,USA,"North Pole, AK",False,1,0,0,0,0,1,0.0,0,0,0,0,,3,2,1,0,28,22,5,1,0,25,25.0,20,4,1,3.073,0.893,77.57777778,0,0,1,0.0,0,59,0,0,0.0,0,5,0,0,0,3514,0,0,0,LAK,Pacific,Western
2025-2026,20260228,143,SEA,5794,Joey Daccord,G,ROSTER,29,"6'2""",197,USA,"Boston, MA",False,34,0,3,3,16,13,1.23,3,5,1,2,0.5,94,61,28,5,956,792,143,21,3,863,25.38,732,115,16,2.843,0.903,79.35555556,1,32,34,0.62,3,1984,2,4,2.5,0,128,0,0,0,119023,0,0,0,SEA,Pacific,Western
2025-2026,20260228,7,NJD,30089,Nicolas Daws,G,ASSIGNED_TO_MINORS,25,"6'4""",199,Germany,München,True,1,0,0,0,1,0,inf,0,0,0,0,,1,1,0,0,31,26,5,0,0,30,30.0,25,5,0,1.0,0.968,92.84444444,0,1,1,0.0,0,60,0,0,0.0,0,3,0,0,0,3600,0,0,0,NJD,Metropolitan,Eastern
2025-2026,20260228,21,VAN,13876,Thatcher Demko,G,ROSTER,30,"6'4""",192,USA,"San Diego, CA",False,20,0,1,1,8,10,0.8,2,1,0,1,0.0,54,40,12,2,514,422,79,13,0,461,23.05,383,67,11,2.904,0.897,78.71666667,1,19,19,0.67,1,1116,0,0,0.0,0,73,0,0,0,66952,0,0,0,VAN,Pacific,Western
2025-2026,20260228,27,DAL,13873,Casey DeSmith,G,ROSTER,34,"6'0""",181,USA,"Rochester, NH",False,22,0,0,0,12,4,3.0,0,5,1,2,0.5,50,37,13,0,572,460,91,21,3,522,23.73,423,78,21,2.308,0.913,82.82777778,1,19,21,0.5,4,1300,1,2,1.25,0,88,0,0,0,77989,0,0,0,DAL,Central,Western
2025-2026,20260228,11,BOS,15473,Michael DiPietro,G,ROSTER,26,"6'0""",200,Canada,"Windsor, ON",False,1,0,0,0,0,0,,0,0,0,0,,0,0,0,0,2,1,0,1,0,2,2.0,1,0,1,0.0,1.0,100.0,0,0,0,0.0,0,6,0,0,0.0,0,1,0,0,0,363,0,0,0,BOS,Atlantic,Eastern
2025-2026,20260228,14,MTL,120083,Jakub Dobes,G,ROSTER,24,"6'4""",205,Czechia,Ostrava,True,27,0,0,0,18,5,3.6,4,4,2,2,1.0,77,58,18,1,710,602,95,13,2,633,23.44,544,77,12,2.956,0.892,78.17777778,0,25,27,0.5,5,1563,1,2,1.25,0,109,0,0,0,93773,0,0,0,MTL,Atlantic,Eastern
2025-2026,20260228,29,ANA,29748,Lukas Dostal,G,ROSTER,25,"6'2""",191,Czech Republic,Brno,True,40,0,0,0,23,13,1.77,4,2,3,0,inf,115,90,24,1,1094,903,164,27,2,979,24.48,813,140,26,2.998,0.895,78.09444444,0,38,38,0.75,2,2302,2,4,2.5,0,150,0,0,0,138096,0,0,0,ANA,Pacific,Western
2025-2026,20260228,15,BUF,30005,Colten Ellis,G,ROSTER,25,"6'1""",188,Canada,"Whycocomagh, NS",True,13,0,1,1,7,4,1.75,1,1,1,0,inf,38,31,7,0,367,310,49,8,1,329,25.31,279,42,8,3.114,0.896,77.5,0,12,12,0.0,2,732,0,0,0.0,0,48,0,0,0,43932,0,0,0,BUF,Atlantic,Eastern
2025-2026,20260228,6,PHI,34527,Samuel Ersson,G,ROSTER,26,"6'2""",176,Sweden,Falun,True,25,0,0,0,9,10,0.9,1,5,4,2,2.0,83,66,15,2,588,463,112,13,3,505,20.2,397,97,11,3.443,0.859,73.82222222,0,21,24,0.57,6,1446,1,2,1.25,0,95,0,0,0,86777,0,0,0,PHI,Metropolitan,Eastern
2025-2026,20260228,28,LAK,5481,Anton Forsberg,G,ROSTER,33,"6'3""",192,Sweden,Härnösand,False,24,0,0,0,9,8,1.12,1,5,2,1,2.0,63,43,18,2,624,499,105,20,4,561,23.38,456,87,18,2.801,0.899,79.38888889,1,19,22,0.78,2,1350,2,4,2.5,0,94,0,0,0,80970,0,0,0,LAK,Pacific,Western
2025-2026,20260228,14,MTL,184123,Jacob Fowler,G,ASSIGNED_TO_MINORS,21,"6'1""",223,USA,"Melbourne, FL",True,10,0,0,0,4,4,1.0,0,2,0,1,0.0,26,18,7,1,264,202,57,5,1,238,23.8,184,50,4,2.621,0.902,80.53888889,1,9,10,0.0,2,595,0,0,0.0,0,43,0,0,0,35711,0,0,0,MTL,Atlantic,Eastern
2025-2026,20260228,16,DET,5227,John Gibson,G,ROSTER,32,"6'2""",215,USA,"Pittsburgh, PA",False,38,0,1,1,23,12,1.92,6,2,0,1,0.0,95,71,20,4,1005,837,136,32,1,910,23.95,766,116,28,2.571,0.905,80.96666667,4,38,37,0.0,3,2217,2,4,2.5,0,140,0,0,0,133018,0,0,0,DET,Atlantic,Eastern
2025-2026,20260228,19,CBJ,34431,Jet Greaves,G,ROSTER,24,"6'0""",180,Canada,"Cambridge, ON",True,37,0,0,0,18,12,1.5,4,6,2,1,2.0,96,76,19,1,1067,888,160,19,5,971,26.24,812,141,18,2.62,0.91,80.94444444,2,32,36,0.6,4,2198,0,0,0.0,0,140,0,0,0,131896,0,0,0,CBJ,Metropolitan,Eastern
2025-2026,20260228,143,SEA,5176,Philipp Grubauer,G,ROSTER,34,"6'1""",188,Germany,Rosenheim,False,23,0,1,1,11,7,1.57,2,3,0,1,0.0,54,39,13,2,629,531,85,13,2,575,25.0,492,72,11,2.501,0.914,81.80555556,0,17,21,0.0,2,1295,0,0,0.0,0,88,0,0,0,77729,0,0,0,SEA,Pacific,Western
2025-2026,20260228,25,MIN,14120,Filip Gustavsson,G,ROSTER,27,"6'2""",185,Sweden,Skellefteå,False,37,0,1,1,21,9,2.33,7,6,0,1,0.0,95,71,22,2,1049,864,152,33,5,955,25.81,794,130,31,2.595,0.91,81.08333333,3,36,36,0.0,3,2196,0,0,0.0,0,151,0,0,0,131785,0,0,0,MIN,Central,Western
2025-2026,20260228,1,TBL,13687,Brandon Halverson,G,ASSIGNED_TO_MINORS,29,"6'4""",209,USA,"Traverse City, MI",True,1,0,0,0,0,0,,0,0,0,0,,0,0,0,0,0,0,0,0,0,0,0.0,0,0,0,0.0,0.0,50.0,0,0,0,0.0,0,0,0,0,0.0,0,1,0,0,0,6,0,0,0,TBL,Atlantic,Eastern
2025-2026,20260228,142,VGK,15154,Carter Hart,G,ROSTER,27,"6'2""",181,Canada,"Edmonton, AB",False,12,0,0,0,5,3,1.67,2,3,1,3,0.33,36,33,3,0,279,243,29,7,0,243,20.25,210,26,7,3.276,0.871,75.35,0,12,11,0.58,5,659,1,2,1.25,0,45,0,0,0,39558,0,0,0,VGK,Pacific,Western
2025-2026,20260228,2,WPJ,5873,Connor Hellebuyck,G,ROSTER,32,"6'4""",207,USA,"Commerce, MI",False,37,0,0,0,13,16,0.81,1,8,1,1,1.0,105,85,20,0,1037,861,149,27,7,932,25.19,776,129,27,2.843,0.899,79.15555556,0,37,37,0.6,2,2216,1,2,1.25,0,146,0,0,0,132970,0,0,0,WPG,,
2025-2026,20260228,12,TOR,43330,Dennis Hildeby,G,ASSIGNED_TO_MINORS,24,"6'6""",234,Sweden,Järfälla,True,19,0,0,0,5,6,0.83,2,4,0,1,0.0,46,41,5,0,511,419,81,11,3,466,24.53,379,76,11,2.903,0.912,79.47222222,1,13,15,0.0,2,951,0,0,0.0,0,68,0,0,0,57036,0,0,0,TOR,Atlantic,Eastern
2025-2026,20260228,142,VGK,5671,Adin Hill,G,ROSTER,29,"6'6""",202,Canada,"Calgary, AB",False,13,0,1,1,5,3,1.67,1,3,0,2,0.0,39,31,6,2,288,251,28,9,1,249,19.15,220,22,7,3.337,0.865,74.71111111,0,13,11,0.0,4,701,1,2,1.25,0,47,0,0,0,42080,0,0,0,VGK,Pacific,Western
2025-2026,20260228,17,STL,20062,Joel Hofer,G,ROSTER,25,"6'3""",161,Canada,"Winnipeg, MB",False,31,0,0,0,13,11,1.18,0,3,1,1,1.0,82,64,17,1,796,656,124,16,2,714,23.03,592,107,15,2.871,0.897,78.9,4,26,27,0.67,2,1714,2,4,2.5,0,113,0,0,0,102835,0,0,0,STL,Central,Western
2025-2026,20260228,8,NYI,15452,Marcus Hogberg,G,ASSIGNED_TO_MINORS,31,"6'5""",209,Sweden,Orebro,False,1,0,0,0,0,0,,0,0,0,0,,2,2,0,0,7,4,3,0,0,5,5.0,2,3,0,8.9,0.714,36.25555556,0,0,0,0.0,0,13,0,0,0.0,0,2,0,0,0,809,0,0,0,NYI,Metropolitan,Eastern
2025-2026,20260228,29,ANA,13661,Ville Husso,G,ROSTER,31,"6'2""",205,Finland,Helsinki,False,12,0,0,0,6,5,1.2,1,1,3,0,inf,36,30,6,0,306,253,44,9,1,270,22.5,223,38,9,3.262,0.882,75.97777778,0,10,12,0.86,1,662,1,2,1.25,0,50,0,0,0,39726,0,0,0,ANA,Pacific,Western
2025-2026,20260228,24,EDM,13942,Connor Ingram,G,ROSTER,28,"6'0""",212,Canada,"Imperial, SK",False,15,0,1,1,7,5,1.4,1,1,0,1,0.0,34,27,7,0,336,280,46,10,0,302,20.13,253,39,10,2.577,0.899,80.63333333,1,13,13,0.5,1,792,1,2,1.25,0,49,0,0,0,47494,0,0,0,EDM,Pacific,Western
2025-2026,20260228,10,PIT,10083,Tristan Jarry,G,ROSTER,30,"6'2""",194,Canada,"Surrey, BC",False,14,0,0,0,9,3,3.0,1,1,0,1,0.0,36,27,8,1,396,323,60,13,0,360,25.71,296,52,12,2.664,0.909,80.65,1,13,13,0.5,1,811,0,0,0.0,0,53,0,0,0,48645,0,0,0,PIT,Metropolitan,Eastern
2025-2026,20260228,10,PIT,10083,Tristan Jarry,G,ROSTER,30,"6'2""",194,Canada,"Surrey, BC",False,14,0,0,0,9,3,3.0,1,1,0,1,0.0,36,27,8,1,396,323,60,13,0,360,25.71,296,52,12,2.664,0.909,80.65,1,13,13,0.5,1,811,0,0,0.0,0,53,0,0,0,48645,0,0,0,PIT,Metropolitan,Eastern
2025-2026,20260228,24,EDM,10083,Tristan Jarry,G,ROSTER,30,"6'2""",194,Canada,"Surrey, BC",False,12,0,0,0,6,4,1.5,1,1,0,0,,40,29,11,0,295,239,47,9,1,255,21.25,210,36,9,3.85,0.864,71.81111111,1,11,11,0.0,0,623,0,0,0.0,0,40,0,0,0,37404,0,0,0,EDM,Pacific,Western
2025-2026,20260228,24,EDM,10083,Tristan Jarry,G,ROSTER,30,"6'2""",194,Canada,"Surrey, BC",False,12,0,0,0,6,4,1.5,1,1,0,0,,40,29,11,0,295,239,47,9,1,255,21.25,210,36,9,3.85,0.864,71.81111111,1,11,11,0.0,0,623,0,0,0.0,0,40,0,0,0,37404,0,0,0,EDM,Pacific,Western
2025-2026,20260228,1,TBL,17380,Jonas Johansson,G,ROSTER,30,"6'4""",205,Sweden,Gävle,False,20,0,0,0,10,8,1.25,0,1,1,1,1.0,58,44,13,1,516,430,75,11,0,458,22.9,386,62,10,3.031,0.888,77.56111111,0,17,19,0.5,2,1148,0,0,0.0,0,74,0,0,0,68886,0,0,0,TBL,Atlantic,Eastern
2025-2026,20260228,20,CHI,30021,Spencer Knight,G,ROSTER,24,"6'3""",193,USA,"Darien, CT",True,40,0,1,1,16,17,0.94,1,7,2,4,0.5,105,87,17,1,1130,949,150,31,3,1025,25.62,862,133,30,2.632,0.907,80.72777778,3,40,40,0.56,8,2394,0,0,0.0,0,155,0,0,0,143642,0,0,0,CHI,Central,Western
2025-2026,20260228,3,CAR,38018,Pyotr Kochetkov,G,INJURY_LIST,26,"6'3""",205,Russia,Penza,True,9,0,0,0,6,2,3.0,1,0,1,0,inf,19,15,3,1,189,151,27,11,0,170,18.89,136,24,10,2.326,0.899,82.02777778,1,6,8,1.0,0,490,0,0,0.0,0,34,0,0,0,29409,0,0,0,CAR,Metropolitan,Eastern
2025-2026,20260228,6,PHI,56576,Aleksei Kolosov,G,ASSIGNED_TO_MINORS,24,"6'1""",185,Belarus,Minsk,False,4,0,0,0,0,2,0.0,0,0,0,0,,8,7,1,0,47,40,6,1,0,39,9.75,33,5,1,3.999,0.83,69.28333333,0,2,2,0.0,0,120,0,0,0.0,0,12,0,0,0,7201,0,0,0,PHI,Metropolitan,Eastern
2025-2026,20260228,11,BOS,5887,Joonas Korpisalo,G,ROSTER,31,"6'3""",191,Finland,Pori,False,23,0,0,0,11,8,1.38,3,2,0,1,0.0,65,52,12,1,625,510,97,18,1,560,24.35,458,85,17,3.111,0.896,77.51666667,1,19,21,0.5,2,1253,0,0,0.0,0,78,0,0,0,75209,0,0,0,BOS,Atlantic,Eastern
2025-2026,20260228,28,LAK,5168,Darcy Kuemper,G,ROSTER,35,"6'5""",215,Canada,"Saskatoon, SK",False,37,0,0,0,14,12,1.17,4,9,2,5,0.4,94,65,27,2,917,742,155,20,4,823,22.24,677,128,18,2.675,0.897,79.98888889,2,36,35,0.45,12,2108,3,6,3.75,0,149,0,0,0,126498,0,0,0,LAK,Pacific,Western
2025-2026,20260228,21,VAN,17354,Kevin Lankinen,G,ROSTER,30,"6'2""",185,Finland,Helsinki,True,32,0,1,1,7,19,0.37,0,4,4,0,inf,107,78,28,1,858,716,116,26,4,751,23.47,638,88,25,3.67,0.875,73.36111111,0,28,30,1.0,0,1749,1,2,1.25,0,121,0,0,0,104946,0,0,0,VAN,Pacific,Western
2025-2026,20260228,142,VGK,56701,Carl Lindbom,G,ASSIGNED_TO_MINORS,22,"6'0""",165,Sweden,Stockholm,False,8,0,0,0,2,4,0.5,0,2,0,0,,24,19,5,0,189,146,39,4,2,165,20.62,127,34,4,2.996,0.873,77.00555556,0,7,8,0.0,0,481,0,0,0.0,0,32,0,0,0,28840,0,0,0,VGK,Pacific,Western
2025-2026,20260228,5,WSH,9072,Charlie Lindgren,G,ROSTER,32,"6'1""",182,USA,"Lakeville, MN",False,18,0,1,1,8,6,1.33,0,3,1,1,1.0,60,41,18,1,516,403,99,14,2,456,25.33,362,81,13,3.373,0.884,75.46111111,1,17,17,0.4,3,1067,4,8,5.0,0,69,0,0,0,64030,0,0,0,WSH,Metropolitan,Eastern
2025-2026,20260228,15,BUF,15149,Ukko-Pekka Luukkonen,G,ROSTER,26,"6'4""",190,Finland,Espoo,False,22,0,0,0,12,7,1.71,0,2,1,0,inf,55,45,8,2,582,481,83,18,2,527,23.95,436,75,16,2.646,0.905,80.55,0,20,21,1.0,0,1247,2,4,2.5,0,77,0,0,0,74818,0,0,0,BUF,Atlantic,Eastern
2025-2026,20260228,15,BUF,13662,Alex Lyon,G,ROSTER,33,"6'1""",201,USA,"Baudette, MN",False,28,0,1,1,15,8,1.88,2,3,1,0,inf,70,57,13,0,807,652,136,19,3,738,26.36,596,123,19,2.689,0.914,80.76111111,2,24,26,0.67,1,1562,1,2,1.25,0,106,0,0,0,93715,0,0,0,BUF,Atlantic,Eastern
2025-2026,20260228,7,NJD,4874,Jacob Markstrom,G,ROSTER,36,"6'6""",206,Sweden,Gävle,False,31,0,2,2,15,14,1.07,6,1,0,0,,94,70,23,1,808,659,133,16,1,714,23.03,589,110,15,3.198,0.884,76.43333333,0,30,30,0.0,0,1763,3,6,3.75,0,126,0,0,0,105800,0,0,0,NJD,Metropolitan,Eastern
2025-2026,20260228,9,NYR,11705,Spencer Martin,G,ASSIGNED_TO_MINORS,30,"6'3""",205,Canada,"Oakville, ON",False,6,0,0,0,1,3,0.33,0,0,0,0,,20,14,5,1,147,115,28,4,0,127,21.17,101,23,3,4.129,0.864,70.26111111,0,3,4,0.0,0,291,0,0,0.0,0,20,0,0,0,17439,0,0,0,NYR,Metropolitan,Eastern
2025-2026,20260228,13,OTT,30460,Leevi Merilainen,G,ASSIGNED_TO_MINORS,23,"6'2""",175,Finland,Oulu,True,20,0,0,0,8,10,0.8,0,1,0,0,,64,48,14,2,457,370,72,15,1,393,19.65,322,58,13,3.509,0.86,73.50555556,0,16,19,0.0,0,1094,0,0,0.0,0,72,0,0,0,65669,0,0,0,OTT,Atlantic,Eastern
2025-2026,20260228,19,CBJ,15690,Elvis Merzlikins,G,ROSTER,31,"6'3""",181,Latvia,Riga,False,22,0,1,1,11,9,1.22,0,1,3,0,inf,72,54,18,0,639,518,109,12,1,567,25.77,464,91,12,3.466,0.887,75.09444444,1,19,21,0.57,3,1246,0,0,0.0,0,77,0,0,0,74777,0,0,0,CBJ,Metropolitan,Eastern
2025-2026,20260228,2,WPJ,133899,Thomas Milic,G,ASSIGNED_TO_MINORS,22,"6'0""",175,Canada,"New Westminster, BC",True,3,0,0,0,0,1,0.0,0,0,0,0,,8,8,0,0,62,56,3,3,0,54,18.0,48,3,3,3.462,0.871,74.31666667,0,2,1,0.0,0,139,1,2,1.25,0,8,0,0,0,8318,0,0,0,WPG,,
2025-2026,20260228,22,COL,39281,Trent Miner,G,ASSIGNED_TO_MINORS,25,"6'1""",185,Canada,"Brandon, MB",True,4,0,0,0,1,0,inf,0,3,0,1,0.0,8,8,0,0,104,87,15,2,2,97,24.25,80,15,2,2.029,0.933,85.37777778,1,2,4,0.5,1,237,0,0,0.0,0,17,0,0,0,14194,0,0,0,COL,Central,Western
2025-2026,20260228,14,MTL,15525,Samuel Montembeault,G,ROSTER,29,"6'3""",214,Canada,"Quebec, QC",True,24,0,0,0,10,8,1.25,5,3,0,1,0.0,76,56,19,1,602,473,117,12,2,526,21.92,417,98,11,3.37,0.874,74.97777778,0,21,21,0.5,1,1353,0,0,0.0,0,92,0,0,0,81192,0,0,0,MTL,Atlantic,Eastern
2025-2026,20260228,29,ANA,5163,Petr Mrazek,G,ROSTER,34,"6'1""",190,Czech Republic,Ostrava,False,10,0,0,0,3,5,0.6,2,0,0,0,,35,25,10,0,247,197,43,7,0,212,21.2,172,33,7,4.071,0.858,70.28333333,0,7,8,0.0,0,516,0,0,0.0,0,41,0,0,0,30953,0,0,0,ANA,Pacific,Western
2025-2026,20260228,10,PIT,56590,Sergei Murashov,G,ASSIGNED_TO_MINORS,21,"6'0""",167,Russia,,False,5,0,0,0,1,1,1.0,0,2,0,0,,12,10,2,0,116,89,26,1,2,104,20.8,79,24,1,2.56,0.897,80.62777778,1,4,4,0.0,0,281,0,0,0.0,0,17,0,0,0,16877,0,0,0,PIT,Metropolitan,Eastern
2025-2026,20260228,143,SEA,5894,Matt Murray,G,ROSTER,31,"6'4""",178,Canada,"Thunder Bay, ON",False,5,0,0,0,0,2,0.0,0,1,0,1,0.0,8,4,4,0,102,83,15,4,0,94,18.8,79,11,4,2.213,0.922,83.80555556,0,4,3,0.5,2,217,0,0,0.0,0,17,0,0,0,13013,0,0,0,SEA,Pacific,Western
2025-2026,20260228,26,SJS,11703,Alex Nedeljkovic,G,ROSTER,30,"6'0""",189,USA,"Parma, OH",False,25,0,1,1,10,9,1.11,3,2,0,1,0.0,68,51,15,2,675,556,93,26,1,607,24.28,505,78,24,2.908,0.899,78.79444444,0,17,21,0.67,1,1403,3,9,5.62,1,91,0,0,0,84188,0,0,0,SJS,Pacific,Western
2025-2026,20260228,27,DAL,18035,Jake Oettinger,G,ROSTER,27,"6'4""",205,USA,"Lakeville, MN",False,37,0,1,1,23,10,2.3,2,4,3,1,3.0,100,73,22,5,972,801,141,30,3,872,23.57,728,119,25,2.733,0.897,79.66666667,2,37,37,0.75,3,2195,0,0,0.0,0,143,0,0,0,131710,0,0,0,DAL,Central,Western
2025-2026,20260228,21,VAN,28419,Jiri Patera,G,ASSIGNED_TO_MINORS,27,"6'2""",209,Czech Republic,Praha,True,1,0,0,0,0,1,0.0,0,0,0,0,,7,5,2,0,40,32,8,0,0,33,33.0,27,6,0,7.392,0.825,50.18333333,0,1,1,0.0,0,57,0,0,0.0,0,6,0,0,0,3409,0,0,0,VAN,Pacific,Western
2025-2026,20260228,24,EDM,5467,Calvin Pickard,G,ASSIGNED_TO_MINORS,33,"6'1""",210,Canada,"Winnipeg, MB",False,16,0,0,0,5,6,0.83,0,2,0,0,,53,42,9,2,410,340,58,12,2,357,22.31,298,49,10,3.68,0.871,73.10555556,0,13,13,0.0,0,864,0,0,0.0,0,59,0,0,0,51848,0,0,0,EDM,Pacific,Western
2025-2026,20260228,12,TOR,17355,Cayden Primeau,G,UNDRAFTED,26,"6'3""",200,USA,"Voorhees, New Jersey",False,3,0,0,0,2,1,2.0,1,0,0,0,,13,12,1,0,80,68,12,0,0,67,22.33,56,11,0,4.298,0.838,68.02222222,0,3,3,0.0,0,181,0,0,0.0,0,10,0,0,0,10888,0,0,0,TOR,Atlantic,Eastern
2025-2026,20260228,9,NYR,4333,Jonathan Quick,G,ROSTER,40,"6'1""",216,USA,"Milford, CT",False,20,0,1,1,4,14,0.29,1,2,0,0,,58,50,7,1,528,436,81,11,2,470,23.5,386,74,10,3.1,0.89,77.27777778,1,17,20,0.0,0,1123,3,14,8.75,0,81,0,0,0,67359,0,0,0,NYR,Metropolitan,Eastern
2025-2026,20260228,13,OTT,4862,James Reimer,G,ROSTER,37,"6'2""",220,Canada,"Morweena, MB",False,7,0,0,0,3,3,1.0,1,1,0,0,,20,14,6,0,154,125,28,1,1,134,19.14,111,22,1,2.896,0.87,77.41111111,0,7,7,0.0,0,414,0,0,0.0,0,28,0,0,0,24864,0,0,0,OTT,Atlantic,Eastern
2025-2026,20260228,8,NYI,11724,David Rittich,G,ROSTER,33,"6'3""",206,Czech Republic,Jihlava,False,23,0,0,0,12,8,1.5,2,3,2,3,0.67,59,47,9,3,589,482,90,17,0,530,23.04,435,81,14,2.566,0.9,80.74444444,2,21,23,0.5,6,1379,0,0,0.0,0,91,0,0,0,82764,0,0,0,NYI,Metropolitan,Eastern
2025-2026,20260228,18,NSH,5877,Juuse Saros,G,ROSTER,30,"5'11""",180,Finland,Hämeenlinna,False,44,0,0,0,21,17,1.24,4,5,3,0,inf,134,111,23,0,1241,1044,157,40,5,1107,25.16,933,134,40,3.196,0.892,76.84444444,0,44,43,0.73,3,2516,1,2,1.25,0,176,0,0,0,150942,0,0,0,NSH,Central,Western
2025-2026,20260228,142,VGK,36945,Akira Schmid,G,ROSTER,25,"6'4""",165,Switzerland,Bern,True,30,0,1,1,16,7,2.29,3,6,0,1,0.0,74,60,12,2,705,610,83,12,5,631,21.03,550,71,10,2.546,0.895,80.60555556,2,25,29,0.5,1,1744,0,0,0.0,0,119,0,0,0,104619,0,0,0,VGK,Pacific,Western
2025-2026,20260228,13,OTT,37657,Hunter Shepard,G,ASSIGNED_TO_MINORS,30,"6'1""",209,USA,"Cohasset, MN",True,1,0,0,0,0,1,0.0,0,0,0,0,,2,1,0,1,12,9,2,1,0,10,10.0,8,2,0,3.354,0.833,73.01666667,0,0,1,0.0,0,36,0,0,0.0,0,4,0,0,0,2147,0,0,0,OTT,Atlantic,Eastern
2025-2026,20260228,9,NYR,17374,Igor Shesterkin,G,ROSTER,30,"6'2""",192,Russia,Moscow,False,35,0,0,0,17,12,1.42,5,5,2,0,inf,85,57,23,5,969,776,167,26,5,884,25.26,719,144,21,2.467,0.912,81.89444444,1,35,34,0.67,1,2068,2,4,2.5,0,141,0,0,0,124062,0,0,0,NYR,Metropolitan,Eastern
2025-2026,20260228,10,PIT,29762,Arturs Silovs,G,ROSTER,24,"6'4""",203,Latvia,Riga,True,27,0,2,2,12,7,1.71,2,8,1,6,0.17,75,62,9,4,730,616,84,30,2,656,24.3,554,75,27,2.856,0.899,79.08333333,1,26,27,0.32,13,1576,2,2,1.25,0,109,0,0,0,94554,0,0,0,PIT,Metropolitan,Eastern
2025-2026,20260228,24,EDM,17353,Stuart Skinner,G,ROSTER,27,"6'4""",207,Canada,"Edmonton, AB",False,23,0,0,0,11,8,1.38,5,4,0,2,0.0,62,50,11,1,570,462,99,9,2,508,22.09,412,88,8,2.825,0.891,78.85555556,2,23,23,0.5,4,1317,0,0,0.0,0,85,0,0,0,78999,0,0,0,EDM,Pacific,Western
2025-2026,20260228,24,EDM,17353,Stuart Skinner,G,ROSTER,27,"6'4""",207,Canada,"Edmonton, AB",False,23,0,0,0,11,8,1.38,5,4,0,2,0.0,62,50,11,1,570,462,99,9,2,508,22.09,412,88,8,2.825,0.891,78.85555556,2,23,23,0.5,4,1317,0,0,0.0,0,85,0,0,0,78999,0,0,0,EDM,Pacific,Western
2025-2026,20260228,10,PIT,17353,Stuart Skinner,G,ROSTER,27,"6'4""",207,Canada,"Edmonton, AB",False,13,0,1,1,8,4,2.0,0,1,0,0,,35,26,7,2,310,262,38,10,1,275,21.15,236,31,8,2.723,0.887,79.22222222,0,13,13,0.0,0,771,0,0,0.0,0,52,0,0,0,46265,0,0,0,PIT,Metropolitan,Eastern
2025-2026,20260228,10,PIT,17353,Stuart Skinner,G,ROSTER,27,"6'4""",207,Canada,"Edmonton, AB",False,13,0,1,1,8,4,2.0,0,1,0,0,,35,26,7,2,310,262,38,10,1,275,21.15,236,31,8,2.723,0.887,79.22222222,0,13,13,0.0,0,771,0,0,0.0,0,52,0,0,0,46265,0,0,0,PIT,Metropolitan,Eastern
2025-2026,20260228,20,CHI,34842,Arvid Soderblom,G,ROSTER,26,"6'3""",180,Sweden,Göteborg,True,17,0,0,0,5,9,0.56,1,2,1,1,1.0,64,54,9,1,507,422,75,10,1,443,26.06,368,66,9,3.889,0.874,72.09444444,0,14,16,0.43,4,987,2,4,2.5,0,63,0,0,0,59242,0,0,0,CHI,Central,Western
2025-2026,20260228,13,OTT,30050,Mads Sogaard,G,ASSIGNED_TO_MINORS,25,"6'8""",199,Denmark,Aalborg,True,2,0,0,0,1,0,inf,0,0,0,0,,6,4,2,0,36,28,8,0,0,30,15.0,24,6,0,4.65,0.833,65.81666667,0,1,1,0.0,0,77,0,0,0.0,0,4,0,0,0,4645,0,0,0,OTT,Atlantic,Eastern
2025-2026,20260228,8,NYI,28379,Ilya Sorokin,G,ROSTER,30,"6'2""",172,Russia,Mezhdurechensk,False,36,0,1,1,21,13,1.62,5,2,2,2,1.0,88,65,21,2,1036,842,169,25,0,948,26.33,777,148,23,2.453,0.915,82.12222222,6,36,36,0.56,4,2152,1,2,1.25,0,150,0,0,0,129125,0,0,0,NYI,Metropolitan,Eastern
2025-2026,20260228,5,WSH,53231,Clay Stevenson,G,ROSTER,26,"6'4""",195,Canada,"Chilliwack, BC",True,3,0,0,0,2,1,2.0,1,0,0,0,,7,6,1,0,73,63,8,2,0,66,22.0,57,7,2,2.332,0.904,82.24444444,0,3,3,0.0,0,180,0,0,0.0,0,11,0,0,0,10807,0,0,0,WSH,Metropolitan,Eastern
2025-2026,20260228,12,TOR,11348,Anthony Stolarz,G,ROSTER,32,"6'6""",240,USA,"Jackson, New Jersey",False,17,0,0,0,7,8,0.88,1,1,0,0,,56,45,9,2,476,384,81,11,1,420,24.71,339,72,9,3.6,0.882,74.1,0,17,16,0.0,0,933,0,0,0.0,0,63,0,0,0,56007,0,0,0,TOR,Atlantic,Eastern
2025-2026,20260228,11,BOS,28418,Jeremy Swayman,G,ROSTER,27,"6'2""",187,USA,"Anchorage, AK",True,38,0,0,0,22,12,1.83,3,3,2,2,1.0,109,66,38,5,1117,861,224,32,1,1009,26.55,795,187,27,2.916,0.903,78.95,1,37,37,0.83,2,2243,4,11,6.88,1,139,0,0,0,134558,0,0,0,BOS,Atlantic,Eastern
2025-2026,20260228,16,DET,5277,Cam Talbot,G,ROSTER,38,"6'4""",196,Canada,"Caledonia, ON",False,24,0,1,1,11,7,1.57,3,4,2,2,1.0,67,54,12,1,618,523,73,22,2,551,22.96,469,61,21,2.995,0.892,77.96111111,0,20,22,0.7,3,1342,0,0,0.0,0,93,0,0,0,80540,0,0,0,DET,Atlantic,Eastern
2025-2026,20260228,4,FLO,5521,Daniil Tarasov,G,ROSTER,26,"6'3""",154,Russia,Novokuznetsk,True,20,0,0,0,8,9,0.89,0,2,1,1,1.0,54,43,10,1,554,458,81,15,1,500,25.0,415,71,14,2.795,0.903,79.62222222,0,17,19,0.5,2,1159,0,0,0.0,0,80,0,0,0,69564,0,0,0,FLA,,
2025-2026,20260228,5,WSH,28493,Logan Thompson,G,ROSTER,29,"6'4""",190,Canada,"Calgary, AB",True,41,0,1,1,21,16,1.31,3,4,0,4,0.0,97,70,22,5,1120,905,180,35,0,1023,24.95,835,158,30,2.401,0.913,82.31111111,2,41,41,0.38,8,2424,0,0,0.0,0,162,0,0,0,145451,0,0,0,WSH,Metropolitan,Eastern
2025-2026,20260228,21,VAN,133827,Nikita Tolopilo,G,ROSTER,25,"6'6""",229,Belarus,Minsk,True,10,0,0,0,3,3,1.0,0,2,0,1,0.0,28,20,8,0,305,256,45,4,1,277,27.7,236,37,4,3.028,0.908,78.57777778,0,7,8,0.0,2,555,0,0,0.0,0,37,0,0,0,33290,0,0,0,VAN,Pacific,Western
2025-2026,20260228,13,OTT,5842,Linus Ullmark,G,ROSTER,32,"6'4""",215,Sweden,Lugnvik,False,31,0,0,0,16,8,2.0,2,6,3,0,inf,87,63,24,0,750,621,112,17,6,663,21.39,558,88,17,2.825,0.884,78.50555556,1,31,30,1.0,0,1848,1,2,1.25,0,122,0,0,0,110861,0,0,0,OTT,Atlantic,Eastern
2025-2026,20260228,30,UTA,14365,Vitek Vanecek,G,ROSTER,30,"6'1""",180,Czech Republic,Havlickuv Brod,False,14,0,1,1,3,9,0.33,0,2,0,0,,40,30,10,0,346,275,64,7,2,306,21.86,245,54,7,2.929,0.884,77.92777778,0,10,14,0.0,0,819,0,0,0.0,0,56,0,0,0,49162,0,0,0,UTA,Central,Western
2025-2026,20260228,1,TBL,5420,Andrei Vasilevskiy,G,ROSTER,31,"6'3""",216,Russia,Tyumen,False,38,0,1,1,28,7,4.0,5,3,3,1,3.0,80,61,17,2,994,791,169,34,2,915,24.08,731,152,32,2.106,0.921,84.35,2,38,38,0.6,4,2279,3,11,6.88,1,138,0,0,0,136750,0,0,0,TBL,Atlantic,Eastern
2025-2026,20260228,30,UTA,5741,Karel Vejmelka,G,ROSTER,29,"6'3""",203,Czech Republic,Trebic,True,46,0,2,2,28,15,1.87,7,2,0,0,,117,88,29,0,1178,934,220,24,2,1062,23.09,847,191,24,2.596,0.902,80.67777778,1,46,45,0.0,0,2704,1,2,1.25,0,170,0,0,0,162221,0,0,0,UTA,Central,Western
2025-2026,20260228,6,PHI,14444,Daniel Vladar,G,ROSTER,28,"6'5""",185,Czech Republic,Praha,False,34,0,0,0,17,9,1.89,2,6,1,1,1.0,80,57,20,3,846,698,122,26,5,766,22.53,641,102,23,2.461,0.905,81.57777778,0,33,32,0.67,1,1951,1,2,1.25,0,136,0,0,0,117035,0,0,0,PHI,Metropolitan,Eastern
2025-2026,20260228,25,MIN,37975,Jesper Wallstedt,G,ROSTER,23,"6'3""",214,Sweden,Västerås,True,25,0,1,1,14,6,2.33,2,4,4,2,2.0,69,55,13,1,764,639,111,14,2,696,27.84,585,98,13,2.854,0.911,79.69444444,4,23,24,0.71,5,1450,1,2,1.25,0,93,0,0,0,87022,0,0,0,MIN,Central,Western
2025-2026,20260228,22,COL,8952,Scott Wedgewood,G,ROSTER,33,"6'0""",194,Canada,"Etobicoke, ON",False,32,0,1,1,21,4,5.25,0,5,1,4,0.25,71,51,15,5,813,667,116,30,1,742,23.19,616,101,25,2.292,0.913,82.91666667,2,30,30,0.33,8,1859,1,2,1.25,0,111,0,0,0,111524,0,0,0,COL,Central,Western
2025-2026,20260228,23,CGY,28466,Dustin Wolf,G,ROSTER,24,"6'0""",155,USA,"Gilroy, CA",True,42,0,0,0,17,21,0.81,2,3,1,1,1.0,116,91,24,1,1134,916,178,40,2,1019,24.26,826,154,39,2.951,0.899,78.55555556,2,39,41,0.78,2,2358,1,2,1.25,0,153,0,0,0,141495,0,0,0,CGY,Pacific,Western
2025-2026,20260228,12,TOR,15693,Joseph Woll,G,ROSTER,27,"6'2""",198,USA,"St.Louis, MO",False,26,0,0,0,13,8,1.62,3,4,1,0,inf,72,60,9,3,789,677,96,16,4,718,27.62,618,87,13,2.921,0.91,79.27222222,2,26,25,1.0,0,1479,1,2,1.25,0,93,0,0,0,88729,0,0,0,TOR,Atlantic,Eastern
