"TEAM_NAME","WP"
"Winnipeg Jets",0.69
"Washington Capitals",0.682
"Minnesota Wild",0.644
"Dallas Stars",0.64
"Carolina Hurricanes",0.635
"New Jersey Devils",0.611
"Tampa Bay Lightning",0.588
"Toronto Maple Leafs",0.576
"Vegas Golden Knights",0.576
"New York Rangers",0.571
"Florida Panthers",0.569
"Los Angeles Kings",0.563
"Columbus Blue Jackets",0.518
"Vancouver Canucks",0.513
"Buffalo Sabres",0.493
"Edmonton Oilers",0.493
"Ottawa Senators",0.474
"Utah Hockey Club",0.472
"Seattle Kraken",0.466
"Calgary Flames",0.45
"Philadelphia Flyers",0.449
"Anaheim Ducks",0.445
"New York Islanders",0.443
"Colorado Avalanche",0.431
"San Jose Sharks",0.418
"Detroit Red Wings",0.407
"Chicago Blackhawks",0.405
"Boston Bruins",0.39
"St. Louis Blues",0.389
"Montreal Canadiens",0.353
"Pittsburgh Penguins",0.351
"Nashville Predators",0.35
