TEAM_ID,CITY,NAME,ABB,VENUE,COLOURS,TWITTER,LOGO,GAMES_PLAYED,WINS,LOSSES,OT_WINS,OT_LOSSES,SO_WINS,SO_LOSSES,POINTS,POINTS_PERCENT,FACEOFFS,FO_WINS,FO_LOSSES,FO_PERCENT,POWERPLAYS,PP_GOALS,PP_PERCENT,PENALTY_KILLS,PK_GOALS_ALLOWED,PK_PERCENT,SH_GOALS_FOR,SH_GOALS_AGAINST,GOALS_FOR,GOALS_AGAINST,SHOTS,SHOTS_ATT_FOR,SH_ATT_AGAINST,SH_AGAINST,SH_MISS_FOR,SH_MISS_AGAINST,BLOCKED_SHOTS,BLOCKED_SHOTS_AGAINST,PENALTIES,PIM,PEN_DRAWN,PIM_DRAWN,FIGHTS,HITS,HITS_RECEIVED,GIVEAWAYS,TAKEAWAYS,SO_ATT_FOR,SO_GOALS_FOR,SO_ATT_AGAINST,SO_GOALS_AGAINST
29,Anaheim,Ducks,ANA,Honda Center,"#f47a38, #b9975b, #c1c6c8, #000000",AnaheimDucks,https://assets.nhle.com/logos/nhl/svg/ANA_light.svg,23,10,10,1,3,1,0,23,0.46,1328,560,768,42.2,70,11,15.7,64,16,75,0,0,60,67,640,1366,1646,767,358,415,423,368,84,185,89,197,3,525,385,362,106,3,2,2,0
11,Boston,Bruins,BOS,TD Garden,"#ffb81c, #000000",NHLBruins,https://assets.nhle.com/logos/nhl/svg/BOS_light.svg,26,12,11,3,3,0,0,27,0.466,1508,782,726,51.9,94,11,11.7,93,20,78.5,2,4,64,80,716,1458,1479,735,332,332,380,410,122,287,120,279,9,689,579,417,143,0,0,0,0
15,Buffalo,Sabres,BUF,KeyBank Center,"#002654, #fcb514, #adafaa, #c8102e",BuffaloSabres,https://assets.nhle.com/logos/nhl/svg/BUF_light.svg,24,11,11,2,2,1,0,24,0.444,1444,713,731,49.4,72,11,15.3,80,16,80,4,4,72,73,682,1499,1365,681,373,307,350,443,106,243,98,211,5,497,531,347,118,3,1,3,0
23,Calgary,Flames,CGY,Scotiabank Saddledome,"#c8102e, #f1be48, #111111, #ffffff",NHLFlames,https://assets.nhle.com/logos/nhl/svg/CGY_light.svg,25,12,9,2,4,3,1,28,0.452,1614,722,892,44.7,71,14,19.7,79,22,72.2,2,3,66,73,744,1597,1552,766,354,326,426,499,105,254,98,238,8,553,516,433,144,17,7,16,4
3,Carolina,Hurricanes,CAR,PNC Arena,"#cc0000, #000000, #a2aaad, #76232f",CanesNHL,https://assets.nhle.com/logos/nhl/svg/CAR_light.svg,24,16,7,2,1,0,1,33,0.611,1481,775,706,52.3,79,21,26.6,84,15,82.1,2,4,91,69,789,1671,1174,609,440,276,258,442,90,188,86,187,0,400,544,380,148,3,0,3,1
20,Chicago,Blackhawks,CHI,United Center,"#cf0a2c, #ff671b, #00833e, #ffd100, #d18a00, #001970, #000000, #ffffff",NHLBlackhawks,https://assets.nhle.com/logos/nhl/svg/CHI_light.svg,24,8,14,1,2,1,0,18,0.346,1342,597,745,44.5,64,16,25,69,14,79.7,0,2,61,74,625,1241,1562,743,268,348,428,348,78,187,72,167,5,433,484,305,150,3,3,3,2
22,Colorado,Avalanche,COL,Ball Arena,"#6f263d, #236192, #a2aaad, #000000",Avalanche,https://assets.nhle.com/logos/nhl/svg/COL_light.svg,25,13,12,2,0,1,0,26,0.464,1477,640,837,43.3,81,22,27.2,64,18,71.9,1,2,81,93,743,1599,1377,646,352,314,375,504,78,186,95,207,3,473,473,393,117,5,1,5,0
19,Columbus,Blue Jackets,CBJ,Nationwide Arena,"#002654, #ce1126, #a4a9ad",BlueJacketsNHL,https://assets.nhle.com/logos/nhl/svg/CBJ_light.svg,23,11,9,1,3,1,0,25,0.5,1359,674,685,49.6,61,10,16.4,73,19,74,4,1,84,81,736,1438,1368,665,302,314,349,400,90,212,75,188,8,474,457,363,124,3,1,3,0
27,Dallas,Stars,DAL,American Airlines Center,"#006847, #8f8f8c, #111111",DallasStars,https://assets.nhle.com/logos/nhl/svg/DAL_light.svg,23,15,8,0,0,1,0,30,0.625,1351,691,660,51.1,75,13,17.3,67,12,82.1,2,3,80,60,696,1441,1249,626,316,300,291,429,77,177,85,195,5,363,561,371,129,3,3,2,1
16,Detroit,Red Wings,DET,Little Caesars Arena,"#ce1126, #ffffff",DetroitRedWings,https://assets.nhle.com/logos/nhl/svg/DET_light.svg,24,10,11,2,3,0,0,23,0.442,1438,724,714,50.3,72,20,27.8,69,24,65.2,2,1,63,76,603,1312,1559,752,319,378,379,389,78,170,82,176,4,431,508,407,120,0,0,0,0
24,Edmonton,Oilers,EDM,Rogers Place,"#041e42, #ff4c00",EdmontonOilers,https://assets.nhle.com/logos/nhl/svg/EDM_light.svg,24,13,9,5,2,0,0,28,0.483,1324,713,611,53.9,62,11,17.7,61,17,72.1,1,0,72,73,796,1567,1260,629,315,279,326,456,75,181,78,191,9,329,517,349,140,0,0,0,0
4,Florida,Panthers,FLO,Amerant Bank Arena,"#041e42, #c8102e, #b9975b",FlaPanthers,https://assets.nhle.com/logos/nhl/svg/FLA_light.svg,25,15,9,1,1,1,0,31,0.574,1511,715,796,47.3,82,20,24.4,73,14,80.8,6,4,92,80,739,1518,1364,687,350,348,296,430,106,249,116,279,7,688,629,358,141,5,2,5,1
28,Los Angeles,Kings,LAK,Crypto.com Arena,"#111111, #a2aaad, #ffffff",LAKings,https://assets.nhle.com/logos/nhl/svg/LAK_light.svg,25,14,8,0,3,0,1,31,0.596,1403,731,672,52.1,73,12,16.4,85,17,80,2,1,76,67,705,1532,1331,605,388,311,384,439,105,238,95,235,9,583,599,343,141,3,2,3,3
25,Minnesota,Wild,MIN,Xcel Energy Center,"#a6192e, #154734, #eaaa00, #ddcba4",mnwild,https://assets.nhle.com/logos/nhl/svg/MIN_light.svg,24,16,4,2,4,0,2,36,0.643,1290,634,656,49.1,66,13,19.7,57,15,73.7,1,2,78,58,690,1386,1457,691,306,335,387,388,71,162,80,182,6,472,507,352,116,5,1,5,2
14,Montreal,Canadiens,MTL,Bell Centre,"#af1e2d, #192168",CanadiensMTL,https://assets.nhle.com/logos/nhl/svg/MTL_light.svg,24,8,13,1,3,0,1,19,0.365,1319,634,685,48.1,77,16,20.8,83,15,81.9,1,2,68,92,576,1297,1528,713,317,351,427,404,110,272,102,230,6,589,515,339,120,9,2,9,3
18,Nashville,Predators,NSH,Bridgestone Arena,"#ffb81c, #041e42, #ffffff",PredsNHL,https://assets.nhle.com/logos/nhl/svg/NSH_light.svg,25,7,12,1,6,0,0,20,0.385,1467,776,691,52.9,77,16,20.8,82,9,89,1,2,58,79,735,1578,1467,750,374,331,356,469,105,240,99,245,10,709,504,409,137,0,0,0,0
7,New Jersey,Devils,NJD,Prudential Center,"#ce1126, #000000, #ffffff",NJDevils,https://assets.nhle.com/logos/nhl/svg/NJD_light.svg,27,16,9,1,2,0,0,34,0.607,1511,766,745,50.7,83,28,33.7,79,15,81,4,1,94,75,818,1679,1566,728,374,387,401,487,105,269,108,254,12,661,613,421,123,0,0,0,0
8,New York,Islanders,NYI,UBS Arena,"#00539b, #f47d30",NYIslanders,https://assets.nhle.com/logos/nhl/svg/NYI_light.svg,25,9,10,1,6,2,1,24,0.414,1436,806,630,56.1,70,9,12.9,53,16,69.8,3,2,66,74,727,1462,1483,717,357,335,398,378,63,133,78,167,3,549,546,374,124,14,4,15,4
9,New York,Rangers,NYR,Madison Square Garden,"#0038a8, #ce1126, #ffffff",NYRangers,https://assets.nhle.com/logos/nhl/svg/NYR_light.svg,23,13,9,0,1,0,0,27,0.587,1284,680,604,53,60,14,23.3,73,9,87.7,2,1,75,65,686,1365,1477,757,332,341,349,347,90,203,78,189,5,542,435,344,131,0,0,0,0
13,Ottawa,Senators,OTT,Canadian Tire Centre,"#c52032, #c2912c, #000000, #ffffff",Senators,https://assets.nhle.com/logos/nhl/svg/OTT_light.svg,24,10,12,2,2,0,1,22,0.407,1404,725,679,51.6,82,23,28,71,17,76.1,2,1,75,79,742,1509,1352,666,333,278,379,434,100,218,109,243,4,705,614,327,123,2,0,3,2
6,Philadelphia,Flyers,PHI,Wells Fargo Center,"#f74902, #000000, #ffffff",NHLFlyers,https://assets.nhle.com/logos/nhl/svg/PHI_light.svg,25,12,10,4,3,3,2,27,0.397,1418,730,688,51.5,75,12,16,73,11,84.9,2,3,74,82,693,1373,1618,707,311,385,486,365,99,227,99,221,7,545,520,393,164,13,5,11,3
10,Pittsburgh,Penguins,PIT,PPG Paints Arena,"#000000, #cfc493, #fcb514, #ffffff",penguins,https://assets.nhle.com/logos/nhl/svg/PIT_light.svg,26,10,12,2,4,1,2,24,0.387,1513,794,719,52.5,74,17,23,77,15,80.5,1,2,72,98,793,1657,1635,844,383,346,408,481,86,188,86,194,4,532,524,401,146,14,5,14,6
26,San Jose,Sharks,SJS,SAP Center,"#006d75, #ea7200, #000000, #ffffff",SanJoseSharks,https://assets.nhle.com/logos/nhl/svg/SJS_light.svg,27,9,13,3,5,0,4,23,0.338,1564,765,799,48.9,83,15,18.1,89,17,80.9,2,2,78,92,746,1538,1806,869,357,428,465,435,102,226,96,212,6,666,532,403,133,12,3,14,9
143,Seattle,Kraken,SEA,Climate Pledge Arena,"#355464, #68a2b9, #99d9d9, #e9072b",SeattleKraken,https://assets.nhle.com/logos/nhl/svg/SEA_light.svg,25,11,13,2,1,1,0,23,0.411,1448,710,738,49,80,12,15,61,13,78.7,0,1,72,77,709,1509,1548,698,380,396,410,418,77,176,96,224,4,530,596,352,129,0,0,0,0
17,St. Louis,Blues,STL,Enterprise Center,"#002f87, #fcb514, #041e42, #ffffff",StLouisBlues,https://assets.nhle.com/logos/nhl/svg/STL_light.svg,25,11,12,3,2,1,0,24,0.414,1357,648,709,47.8,57,9,15.8,66,14,78.8,0,2,63,79,667,1379,1532,734,286,370,384,426,85,192,77,177,4,588,493,399,120,3,1,3,0
1,Tampa Bay,Lightning,TBL,Amalie Arena,#002868,TBLightning,https://assets.nhle.com/logos/nhl/svg/TBL_light.svg,23,12,9,3,2,0,1,26,0.481,1331,685,646,51.5,71,17,23.9,68,15,77.9,6,3,86,72,655,1370,1313,656,308,268,347,405,83,202,85,211,6,386,555,337,93,2,0,2,2
12,Toronto,Maple Leafs,TOR,Scotiabank Arena,"#00205b, #ffffff",MapleLeafs,https://assets.nhle.com/logos/nhl/svg/TOR_light.svg,23,14,7,2,2,0,0,30,0.6,1272,683,589,53.7,75,15,20,81,15,81.5,2,1,70,60,687,1361,1412,666,301,310,392,373,94,204,90,189,3,521,512,315,120,0,0,0,0
30,Utah,Hockey Club,UTA,Mullett Arena,"#8c2633, #e2d6b5, #111111",ArizonaCoyotes,https://assets.nhle.com/logos/nhl/svg/ARI_light.svg,24,10,10,4,4,0,0,24,0.429,1408,736,672,52.3,69,12,17.4,91,21,76.9,2,1,69,73,638,1443,1373,693,387,291,358,418,112,294,95,266,13,387,633,402,130,0,0,0,0
21,Vancouver,Canucks,VAN,Rogers Arena,"#00205b, #00843d, #041c2c, #99999a, #ffffff",Canucks,https://assets.nhle.com/logos/nhl/svg/VAN_light.svg,23,13,7,3,3,0,1,29,0.537,1319,646,673,49,70,16,22.9,72,14,80.6,0,2,77,75,622,1307,1301,648,298,312,312,382,88,208,85,205,5,661,469,323,119,0,0,0,0
142,Vegas,Golden Knights,VGK,T-Mobile Arena,"#b4975a, #333f42, #c8102e, #000000, #ffffff",GoldenKnights,https://assets.nhle.com/logos/nhl/svg/VGK_light.svg,25,15,7,1,3,1,1,33,0.589,1394,726,668,52.1,62,17,27.4,55,12,78.2,1,2,91,78,757,1421,1602,717,278,420,413,386,64,150,70,154,4,510,574,393,135,7,1,8,1
5,Washington,Capitals,WSH,Capital One Arena,"#041e42, #c8102e, #ffffff",Capitals,https://assets.nhle.com/logos/nhl/svg/WSH_light.svg,24,17,6,2,1,0,0,35,0.673,1425,706,719,49.5,75,17,22.7,78,13,83.3,3,2,101,69,694,1450,1462,670,359,331,414,396,96,216,91,210,8,494,474,362,116,0,0,0,0
2,Winnipeg,Jets,WPJ,Canada Life Centre,"#041e42, #004c97, #ac162c, #7b303e, #55565a, #8e9090, #ffffff",NHLJets,https://assets.nhle.com/logos/nhl/svg/WPG_light.svg,25,18,7,3,0,0,0,36,0.643,1452,709,743,48.8,73,23,31.5,65,13,80,1,1,94,63,732,1425,1530,746,330,375,367,363,82,208,93,246,4,479,578,371,138,0,0,0,0
